{"stats":{"minecraft:used":{"minecraft:stone_sword":355,"iceandfire:armor_copper_metal_leggings":1,"minecraft:spruce_planks":9,"minecraft:shield":26,"minecraft:rotten_flesh":3,"minecraft:torch":29,"minecraft:dirt":23,"scalinghealth:heart_crystal":2,"minecraft:carrot":2,"minecraft:spruce_boat":2,"minecraft:wooden_axe":34,"quark:spruce_chest":2,"minecraft:grass_block":1,"weaponmaster:wm_broadsword":13,"minecraft:magma_block":2,"minecraft:furnace":5,"tombstone:gift":7,"minecraft:cooked_mutton":10,"minecraft:mossy_stone_bricks":1,"minecraft:stone_pickaxe":497,"minecraft:wooden_pickaxe":7,"minecraft:sandstone":7,"minecraft:sand":4,"minecraft:crafting_table":5,"minecraft:white_bed":2,"tombstone:bag_of_seeds":1,"minecraft:bread":1,"tombstone:magic_scroll":3,"minecraft:stone_axe":118,"minecraft:cobblestone":106,"minecraft:cooked_porkchop":21,"minecraft:oak_boat":1,"quark:oak_chest":2,"alexsmobs:animal_dictionary":1},"minecraft:killed":{"mca:female_zombie_villager":1,"alexsmobs:lobster":2,"minecraft:spider":29,"minecraft:skeleton":39,"minecraft:drowned":1,"alexsmobs:flying_fish":2,"minecraft:pig":11,"irons_spellbooks:necromancer":1,"minecraft:creeper":19,"minecraft:sheep":9,"minecraft:pillager":3,"minecraft:zombie":49,"iceandfire:ghost":2,"alexsmobs:cachalot_whale":1,"iceandfire:sea_serpent":1,"minecraft:enderman":3},"minecraft:broken":{"minecraft:stone_sword":1,"minecraft:stone_pickaxe":3,"minecraft:stone_axe":1},"minecraft:dropped":{"minecraft:wheat_seeds":1,"minecraft:lilac":2,"minecraft:stick":2,"minecraft:dirt":7,"minecraft:diorite":1,"scalinghealth:heart_crystal":1,"minecraft:wooden_axe":1,"minecraft:sand":51,"minecraft:spruce_sapling":3,"minecraft:bone":1,"minecraft:furnace":1,"minecraft:stone_sword":2,"minecraft:rotten_flesh":40,"minecraft:oak_sapling":5,"minecraft:spider_eye":1,"sophisticatedbackpacks:copper_backpack":1,"minecraft:bow":2,"minecraft:stone_pickaxe":1,"minecraft:wooden_pickaxe":1,"minecraft:egg":2},"minecraft:mined":{"minecraft:white_bed":1,"iceandfire:silver_ore":7,"biomesoplenty:bush":4,"minecraft:grass_block":11,"minecraft:spruce_leaves":6,"minecraft:magma_block":2,"minecraft:furnace":3,"minecraft:iron_ore":7,"evilcraft:dark_ore":2,"minecraft:azure_bluet":1,"biomesoplenty:sea_oats":1,"minecraft:vine":1,"weaponmaster:workstation":1,"minecraft:stone":198,"ars_nouveau:purple_archwood_log":52,"ars_nouveau:green_archwood_log":37,"quark:oak_chest":1,"minecraft:dandelion":1,"minecraft:crafting_table":4,"minecraft:torch":7,"quark:blossom_log":1,"minecraft:tall_grass":7,"minecraft:copper_ore":63,"minecraft:cobblestone":8,"minecraft:diorite":1,"minecraft:wall_torch":5,"minecraft:seagrass":3,"minecraft:lilac":2,"minecraft:spruce_log":19,"minecraft:grass":23,"minecraft:coal_ore":206,"minecraft:oak_log":23,"minecraft:dirt":12,"minecraft:sand":5,"minecraft:mossy_stone_bricks":1,"minecraft:oak_leaves":7,"minecraft:suspicious_gravel":1},"minecraft:picked_up":{"minecraft:charcoal":6,"minecraft:crafting_table":4,"minecraft:lead":1,"minecraft:string":25,"minecraft:raw_copper":215,"irons_spellbooks:arcane_essence":1,"ars_nouveau:mendosteen_pod":4,"minecraft:sugar_cane":11,"minecraft:egg":2,"minecraft:furnace":4,"minecraft:sandstone":7,"ars_nouveau:purple_archwood_log":52,"minecraft:raw_iron":7,"minecraft:stick":4,"weaponmaster:weaponkit":1,"minecraft:torch":13,"quark:blossom_log":1,"minecraft:porkchop":22,"tombstone:grave_dust":8,"minecraft:diorite":1,"minecraft:carrot":1,"ars_nouveau:green_archwood_log":35,"minecraft:stone_sword":2,"minecraft:arrow":52,"minecraft:rotten_flesh":48,"tombstone:essence_of_undeath":1,"sophisticatedbackpacks:copper_backpack":2,"minecraft:mutton":11,"alexsmobs:lobster_tail":1,"alexsmobs:flying_fish":2,"minecraft:white_wool":8,"minecraft:cobblestone":221,"minecraft:magma_block":2,"minecraft:lilac":2,"minecraft:brown_wool":1,"minecraft:oak_log":23,"minecraft:gunpowder":19,"scalinghealth:heart_crystal":6,"minecraft:dirt":30,"minecraft:white_banner":1,"minecraft:bone":33,"minecraft:bow":5,"minecraft:wheat_seeds":1,"tombstone:bag_of_seeds":1,"minecraft:mossy_stone_bricks":1,"scalinghealth:heart_crystal_shard":19,"ars_nouveau:bastion_pod":2,"minecraft:sand":55,"minecraft:spruce_sapling":3,"minecraft:grass_block":1,"minecraft:white_bed":1,"minecraft:spruce_log":18,"quark:oak_chest":1,"minecraft:spider_eye":6,"minecraft:bundle":2,"forbidden_arcanus:ender_pearl_fragment":4,"minecraft:chainmail_leggings":1,"evilcraft:dark_gem":9,"tombstone:magic_scroll":3,"minecraft:oak_sapling":5,"minecraft:coal":204,"minecraft:ender_pearl":2,"iceandfire:raw_silver":8},"minecraft:crafted":{"minecraft:oak_planks":52,"minecraft:furnace":2,"iceandfire:armor_copper_metal_leggings":1,"minecraft:cooked_mutton":11,"minecraft:bow":1,"minecraft:stone_pickaxe":6,"iceandfire:armor_copper_metal_chestplate":1,"minecraft:spruce_boat":2,"quark:spruce_chest":2,"minecraft:oak_slab":12,"minecraft:cooked_porkchop":22,"minecraft:crafting_table":1,"minecraft:spruce_planks":60,"minecraft:copper_ingot":215,"minecraft:stone_axe":2,"minecraft:bread":1,"minecraft:air":0,"minecraft:oak_boat":1,"minecraft:paper":6,"minecraft:charcoal":10,"minecraft:stick":36,"quark:oak_chest":1,"minecraft:iron_ingot":7,"minecraft:stone_sword":4,"minecraft:white_bed":1,"minecraft:torch":60},"minecraft:killed_by":{"minecraft:player":2,"minecraft:creeper":3,"minecraft:enderman":1,"iceandfire:sea_serpent":1},"minecraft:custom":{"lootr:looted_stat":2,"minecraft:mob_kills":177,"minecraft:interact_with_crafting_table":38,"minecraft:damage_dealt_resisted":386,"minecraft:leave_game":2,"minecraft:time_since_death":6150,"minecraft:sprint_one_cm":395934,"minecraft:walk_one_cm":418037,"minecraft:damage_blocked_by_shield":1266,"minecraft:drop":43,"minecraft:damage_dealt_absorbed":80,"minecraft:play_time":179042,"minecraft:deaths":7,"minecraft:sneak_time":7353,"minecraft:walk_under_water_one_cm":35648,"minecraft:boat_one_cm":241428,"minecraft:jump":3955,"minecraft:walk_on_water_one_cm":53933,"minecraft:total_world_time":179042,"minecraft:interact_with_furnace":79,"tombstone:raider_killed":3,"minecraft:sleep_in_bed":2,"minecraft:time_since_rest":5565,"minecraft:damage_taken":6228,"minecraft:trigger_trapped_chest":1,"minecraft:damage_dealt":21780,"minecraft:swim_one_cm":169182,"minecraft:fly_one_cm":809596,"minecraft:player_kills":1,"minecraft:open_chest":45,"minecraft:crouch_one_cm":17042,"tombstone:undead_killed":93,"minecraft:fall_one_cm":109798}},"DataVersion":3465}