{"stats":{"minecraft:used":{"irons_spellbooks:inscription_table":1,"iceandfire:lectern":1,"minecraft:moss_carpet":3,"minecraft:shield":118,"minecraft:rotten_flesh":6,"minecraft:mutton":2,"minecraft:carrot":2,"minecraft:spruce_boat":2,"minecraft:packed_ice":5,"minecraft:grass_block":1,"minecraft:birch_sapling":14,"alexsmobs:cooked_lobster_tail":5,"weaponmaster:wm_broadsword":13,"minecraft:magma_block":2,"minecraft:bow":38,"minecraft:furnace":19,"minecraft:oak_sapling":1,"ars_nouveau:sourceberry_bush":27,"iceandfire:pixie_jar_empty":1,"minecraft:mossy_stone_bricks":1,"minecraft:stone_pickaxe":794,"minecraft:oak_planks":4,"minecraft:wooden_pickaxe":7,"minecraft:sandstone":7,"minecraft:sugar_cane":12,"minecraft:sand":4,"minecraft:birch_fence":18,"quark:hollow_oak_log":3,"minecraft:bread":45,"ars_nouveau:purple_archwood_log":2,"minecraft:gravel":1,"minecraft:birch_log":2,"minecraft:oak_boat":1,"quark:birch_chest":12,"minecraft:stone_sword":750,"iceandfire:armor_copper_metal_leggings":1,"minecraft:spruce_planks":9,"minecraft:torch":74,"minecraft:dirt":112,"scalinghealth:heart_crystal":6,"minecraft:birch_door":5,"minecraft:wooden_axe":34,"alexsmobs:maggot":2,"quark:spruce_chest":2,"tombstone:gift":7,"minecraft:cooked_mutton":13,"minecraft:birch_planks":920,"minecraft:cauldron":1,"minecraft:crafting_table":10,"minecraft:white_bed":5,"minecraft:oak_log":5,"tombstone:bag_of_seeds":2,"tombstone:magic_scroll":3,"minecraft:stone_axe":798,"minecraft:cobblestone":211,"minecraft:white_banner":1,"minecraft:cooked_porkchop":22,"quark:oak_chest":2,"alexsmobs:animal_dictionary":1,"minecraft:birch_stairs":14},"minecraft:killed":{"alexsmobs:lobster":11,"minecraft:spider":43,"minecraft:skeleton":67,"minecraft:bee":1,"minecraft:pig":13,"irons_spellbooks:necromancer":2,"minecraft:creeper":27,"minecraft:sheep":11,"minecraft:pillager":3,"minecraft:zombie":95,"alexsmobs:cachalot_whale":1,"alexsmobs:fly":1,"iceandfire:sea_serpent":1,"mca:female_zombie_villager":1,"minecraft:drowned":3,"alexsmobs:flying_fish":2,"iceandfire:cyclops":1,"ars_nouveau:animated_block":1,"iceandfire:ghost":9,"minecraft:enderman":4},"minecraft:broken":{"minecraft:leather_leggings":1,"minecraft:stone_pickaxe":4,"minecraft:stone_axe":5,"iceandfire:armor_copper_metal_helmet":1,"minecraft:leather_helmet":1,"minecraft:stone_sword":4,"minecraft:shield":1,"iceandfire:armor_copper_metal_chestplate":1,"iceandfire:armor_copper_metal_boots":1},"minecraft:mined":{"minecraft:white_bed":2,"iceandfire:copper_pile":2,"minecraft:grass_block":40,"iceandfire:lectern":1,"ars_nouveau:sourceberry_bush":1,"minecraft:smooth_stone":1,"minecraft:magma_block":2,"minecraft:iron_ore":7,"biomesoplenty:lavender":1,"minecraft:moss_carpet":1,"minecraft:azure_bluet":1,"iceandfire:gold_pile":3,"minecraft:water_cauldron":1,"weaponmaster:workstation":1,"bountiful:bountyboard":1,"minecraft:torch":8,"quark:blossom_log":1,"minecraft:cobblestone":27,"minecraft:sugar_cane":6,"minecraft:oak_planks":5,"minecraft:wall_torch":12,"minecraft:skeleton_skull":1,"minecraft:seagrass":3,"minecraft:birch_log":272,"minecraft:lilac":2,"biomesoplenty:maple_leaves":2,"minecraft:birch_door":3,"minecraft:wither_rose":2,"minecraft:grass":64,"biomesoplenty:clover":1,"minecraft:oak_log":36,"forbidden_arcanus:nipa":1,"minecraft:sand":5,"minecraft:dirt":33,"quark:hollow_oak_log":3,"minecraft:oak_leaves":24,"minecraft:suspicious_gravel":1,"iceandfire:silver_ore":14,"biomesoplenty:bush":4,"minecraft:spruce_leaves":6,"minecraft:hay_block":15,"minecraft:furnace":13,"evilcraft:dark_ore":2,"biomesoplenty:sea_oats":1,"minecraft:bookshelf":18,"minecraft:vine":3,"irons_spellbooks:inscription_table":1,"minecraft:stone":354,"iceandfire:podium_spruce":1,"ars_nouveau:purple_archwood_log":68,"iceandfire:pixie_jar_empty":1,"minecraft:birch_stairs":2,"ars_nouveau:green_archwood_log":37,"quark:oak_chest":1,"minecraft:dandelion":2,"minecraft:crafting_table":7,"minecraft:oak_wood":3,"minecraft:lectern":1,"minecraft:tall_grass":18,"minecraft:copper_ore":71,"minecraft:diorite":1,"minecraft:birch_planks":185,"ars_nouveau:purple_archwood_leaves":4,"minecraft:spruce_log":19,"minecraft:birch_leaves":20,"minecraft:coal_ore":300,"iceandfire:silver_pile":65,"minecraft:mossy_stone_bricks":1},"minecraft:dropped":{"ars_nouveau:ritual_wilden_summon":2,"minecraft:birch_planks":9,"minecraft:oak_log":2,"minecraft:crafting_table":1,"minecraft:dirt":44,"minecraft:mutton":2,"minecraft:chain":1,"minecraft:sand":51,"minecraft:birch_stairs":4,"minecraft:bone":1,"minecraft:stone_axe":2,"minecraft:birch_sapling":22,"minecraft:rotten_flesh":77,"minecraft:oak_planks":20,"minecraft:birch_door":2,"iceandfire:armor_copper_metal_leggings":1,"minecraft:egg":2,"minecraft:bread":1,"minecraft:wheat_seeds":11,"minecraft:lilac":2,"weaponmaster:tutorialbook":1,"minecraft:cobblestone":6,"ars_nouveau:purple_archwood_log":2,"minecraft:stick":3,"minecraft:diorite":1,"scalinghealth:heart_crystal":1,"minecraft:wooden_axe":1,"tombstone:grave_dust":3,"minecraft:potion":1,"irons_spellbooks:common_ink":1,"minecraft:smooth_stone":1,"minecraft:paper":2,"minecraft:spruce_sapling":3,"minecraft:dandelion":1,"minecraft:furnace":1,"alexsmobs:maggot":3,"minecraft:stone_sword":2,"minecraft:spruce_planks":3,"minecraft:bundle":1,"minecraft:oak_sapling":5,"minecraft:spider_eye":7,"sophisticatedbackpacks:copper_backpack":1,"minecraft:bow":4,"minecraft:stone_pickaxe":4,"minecraft:wooden_pickaxe":1},"minecraft:picked_up":{"irons_spellbooks:scroll":2,"minecraft:birch_door":4,"minecraft:wheat":8,"minecraft:lead":1,"quark:hollow_oak_log":3,"minecraft:potion":1,"minecraft:wither_rose":2,"minecraft:string":40,"minecraft:raw_copper":241,"irons_spellbooks:arcane_essence":5,"minecraft:gold_nugget":18,"minecraft:smooth_stone":1,"ars_nouveau:mendosteen_pod":4,"irons_spellbooks:inscription_table":1,"minecraft:furnace":14,"minecraft:stick":19,"weaponmaster:weaponkit":1,"minecraft:torch":22,"quark:blossom_log":1,"minecraft:porkchop":26,"tombstone:grave_dust":25,"minecraft:diorite":1,"minecraft:cauldron":1,"minecraft:stone_sword":2,"minecraft:rotten_flesh":88,"ars_nouveau:sourceberry_bush":25,"alexsmobs:lobster_tail":5,"alexsmobs:flying_fish":2,"minecraft:cobblestone":383,"minecraft:birch_log":270,"minecraft:magma_block":2,"minecraft:lilac":2,"minecraft:brown_wool":1,"minecraft:potato":1,"minecraft:flint":2,"minecraft:dirt":156,"minecraft:bone":59,"minecraft:bow":9,"minecraft:wheat_seeds":11,"minecraft:mossy_stone_bricks":1,"forbidden_arcanus:nipa":1,"minecraft:oak_planks":5,"iceandfire:podium_spruce":1,"minecraft:sand":55,"iceandfire:shiny_scales":2,"minecraft:grass_block":1,"minecraft:bundle":3,"forbidden_arcanus:ender_pearl_fragment":4,"iceandfire:lectern":1,"minecraft:bread":1,"alexsmobs:maggot":5,"minecraft:oak_sapling":6,"iceandfire:silver_nugget":556,"iceandfire:raw_silver":15,"minecraft:charcoal":6,"minecraft:crafting_table":7,"minecraft:moss_carpet":3,"iceandfire:bestiary":1,"irons_spellbooks:epic_ink":1,"minecraft:lectern":1,"minecraft:sugar_cane":18,"alexsmobs:cooked_lobster_tail":4,"minecraft:birch_sapling":36,"minecraft:egg":2,"minecraft:raw_iron":7,"minecraft:sandstone":7,"ars_nouveau:purple_archwood_log":68,"minecraft:copper_ingot":1,"ars_nouveau:purple_archwood_sapling":3,"minecraft:carrot":1,"ars_nouveau:ritual_wilden_summon":2,"ars_nouveau:green_archwood_log":35,"iceandfire:cyclops_eye":1,"minecraft:arrow":70,"minecraft:hay_block":18,"sophisticatedbackpacks:copper_backpack":2,"tombstone:essence_of_undeath":1,"bountiful:bountyboard":1,"minecraft:mutton":17,"minecraft:skeleton_skull":1,"minecraft:white_wool":14,"minecraft:leather":1,"minecraft:birch_planks":145,"minecraft:oak_log":37,"scalinghealth:bandages":3,"iceandfire:ectoplasm":1,"minecraft:gunpowder":23,"scalinghealth:heart_crystal":14,"minecraft:paper":2,"minecraft:white_banner":1,"scalinghealth:medkit":1,"forbidden_arcanus:arcane_crystal_dust_speck":1,"irons_spellbooks:common_ink":1,"iceandfire:pixie_jar_empty":1,"minecraft:iron_ingot":1,"weaponmaster:tutorialbook":1,"tombstone:bag_of_seeds":2,"minecraft:book":54,"iceandfire:copper_nugget":14,"scalinghealth:heart_crystal_shard":28,"minecraft:dandelion":1,"minecraft:gravel":1,"minecraft:birch_stairs":2,"ars_nouveau:bastion_pod":2,"minecraft:spruce_sapling":3,"minecraft:white_bed":3,"minecraft:spruce_log":18,"quark:oak_chest":1,"minecraft:spider_eye":11,"minecraft:oak_wood":2,"minecraft:chainmail_leggings":1,"evilcraft:dark_gem":9,"tombstone:magic_scroll":4,"minecraft:coal":618,"minecraft:ender_pearl":2},"minecraft:crafted":{"minecraft:oak_planks":68,"quark:birch_chest":12,"minecraft:cooked_mutton":13,"iceandfire:armor_copper_metal_boots":1,"minecraft:bow":3,"iceandfire:armor_copper_metal_chestplate":2,"minecraft:birch_door":3,"minecraft:oak_slab":12,"quark:blossom_planks":4,"minecraft:cooked_porkchop":22,"minecraft:crafting_table":4,"minecraft:spruce_planks":60,"minecraft:copper_ingot":241,"minecraft:birch_planks":1072,"minecraft:paper":6,"minecraft:charcoal":10,"minecraft:birch_fence":42,"minecraft:stick":160,"quark:oak_chest":1,"minecraft:iron_ingot":7,"minecraft:stone_sword":5,"minecraft:birch_stairs":16,"minecraft:furnace":6,"iceandfire:armor_copper_metal_leggings":2,"minecraft:bone_meal":15,"iceandfire:armor_copper_metal_helmet":1,"minecraft:stone_pickaxe":9,"minecraft:spruce_boat":2,"quark:spruce_chest":2,"minecraft:wheat":127,"iceandfire:silver_ingot":62,"alexsmobs:cooked_lobster_tail":1,"scalinghealth:heart_crystal":3,"minecraft:stone_axe":7,"minecraft:bread":46,"minecraft:air":0,"minecraft:oak_boat":1,"minecraft:white_bed":2,"minecraft:torch":60,"minecraft:lapis_block":1},"minecraft:killed_by":{"minecraft:creeper":3,"iceandfire:sea_serpent":1,"minecraft:player":2,"minecraft:enderman":1},"minecraft:custom":{"lootr:looted_stat":12,"minecraft:animals_bred":1,"minecraft:interact_with_crafting_table":69,"minecraft:leave_game":5,"minecraft:time_since_death":579,"minecraft:sprint_one_cm":883773,"minecraft:damage_blocked_by_shield":2629,"minecraft:drop":125,"minecraft:play_time":394003,"minecraft:deaths":8,"minecraft:jump":8925,"minecraft:walk_on_water_one_cm":82485,"minecraft:interact_with_furnace":119,"minecraft:interact_with_loom":1,"minecraft:sleep_in_bed":7,"minecraft:damage_dealt":56508,"minecraft:player_kills":1,"minecraft:crouch_one_cm":101949,"tombstone:undead_killed":177,"minecraft:horse_one_cm":320184,"minecraft:mob_kills":311,"minecraft:damage_dealt_resisted":386,"minecraft:climb_one_cm":1874,"minecraft:walk_one_cm":1051864,"minecraft:damage_dealt_absorbed":80,"minecraft:sneak_time":26048,"minecraft:walk_under_water_one_cm":54383,"minecraft:boat_one_cm":308073,"minecraft:total_world_time":394003,"tombstone:raider_killed":3,"minecraft:time_since_rest":1,"minecraft:damage_taken":11060,"minecraft:trigger_trapped_chest":3,"minecraft:swim_one_cm":215390,"minecraft:fly_one_cm":1688853,"minecraft:open_chest":150,"minecraft:fall_one_cm":241717}},"DataVersion":3465}