{"stats":{"minecraft:killed_by":{"minecraft:creeper":4,"minecraft:ravager":1,"iceandfire:sea_serpent":2,"cataclysm:deepling":1,"minecraft:vindicator":1,"iceandfire:fire_dragon":1,"minecraft:player":2,"minecraft:enderman":1,"iceandfire:ghost":3},"minecraft:killed":{"alexsmobs:lobster":11,"minecraft:cave_spider":2,"irons_spellbooks:pyromancer":1,"minecraft:spider":53,"iceandfire:stymphalian_bird":1,"minecraft:skeleton":79,"minecraft:bee":1,"irons_spellbooks:apothecarist":2,"minecraft:chicken":1,"alexsmobs:skelewag":1,"irons_spellbooks:archevoker":1,"irons_spellbooks:summoned_skeleton":2,"minecraft:pig":13,"irons_spellbooks:necromancer":5,"minecraft:creeper":28,"minecraft:sheep":11,"minecraft:pillager":25,"irons_spellbooks:summoned_vex":2,"minecraft:zombie":117,"alexsmobs:cachalot_whale":1,"cataclysm:deepling":1,"minecraft:ghast":1,"alexsmobs:fly":2,"minecraft:cow":4,"iceandfire:sea_serpent":1,"mca:female_zombie_villager":2,"irons_spellbooks:summoned_zombie":14,"minecraft:vindicator":3,"iceandfire:fire_dragon":1,"minecraft:drowned":6,"alexsmobs:bison":1,"alexsmobs:flying_fish":2,"iceandfire:cyclops":1,"ars_nouveau:animated_block":1,"minecraft:ravager":1,"iceandfire:ghost":16,"alexsmobs:crow":1,"minecraft:enderman":4},"minecraft:custom":{"lootr:looted_stat":65,"minecraft:animals_bred":1,"minecraft:interact_with_crafting_table":83,"minecraft:open_barrel":2,"minecraft:bell_ring":1,"minecraft:leave_game":7,"minecraft:time_since_death":13237,"minecraft:sprint_one_cm":1357685,"minecraft:damage_blocked_by_shield":5548,"minecraft:drop":235,"minecraft:talked_to_villager":5,"minecraft:play_time":665227,"minecraft:deaths":17,"minecraft:jump":14391,"minecraft:walk_on_water_one_cm":151397,"minecraft:interact_with_furnace":149,"minecraft:interact_with_loom":1,"minecraft:sleep_in_bed":8,"minecraft:waystone_activated":5,"minecraft:damage_dealt":66102,"minecraft:player_kills":2,"minecraft:crouch_one_cm":129776,"tombstone:undead_killed":242,"minecraft:horse_one_cm":2170416,"minecraft:mob_kills":436,"minecraft:damage_dealt_resisted":1517,"minecraft:climb_one_cm":14254,"minecraft:walk_one_cm":1797483,"minecraft:damage_dealt_absorbed":243,"minecraft:sneak_time":34405,"minecraft:walk_under_water_one_cm":97761,"minecraft:boat_one_cm":308073,"minecraft:interact_with_lectern":2,"minecraft:total_world_time":665227,"tombstone:raider_killed":30,"minecraft:raid_trigger":1,"minecraft:time_since_rest":11869,"minecraft:damage_taken":30704,"minecraft:trigger_trapped_chest":11,"minecraft:swim_one_cm":289044,"minecraft:fly_one_cm":2735978,"minecraft:open_chest":387,"minecraft:fall_one_cm":386271},"minecraft:mined":{"minecraft:spruce_planks":2,"minecraft:white_bed":2,"quark:orange_blossom_leaves":1,"iceandfire:copper_pile":2,"minecraft:cherry_log":25,"biomesoplenty:burning_blossom":8,"minecraft:grass_block":45,"minecraft:yellow_carpet":1,"iceandfire:lectern":1,"ars_nouveau:sourceberry_bush":2,"minecraft:smooth_stone":1,"minecraft:magma_block":2,"minecraft:glowstone":16,"minecraft:iron_ore":23,"minecraft:fire":2,"biomesoplenty:lavender":1,"biomesoplenty:violet":3,"minecraft:moss_carpet":1,"minecraft:fletching_table":1,"minecraft:azure_bluet":1,"iceandfire:gold_pile":88,"minecraft:water_cauldron":1,"minecraft:iron_bars":6,"weaponmaster:workstation":1,"iceandfire:chared_cobblestone":1,"bountiful:bountyboard":1,"biomesoplenty:jacaranda_leaves":1,"irons_spellbooks:alchemist_cauldron":1,"minecraft:torch":8,"minecraft:calcite":1,"quark:blossom_log":1,"minecraft:cobblestone":28,"minecraft:sugar_cane":24,"minecraft:oak_planks":24,"minecraft:wall_torch":12,"minecraft:skeleton_skull":1,"minecraft:seagrass":3,"minecraft:birch_log":290,"minecraft:lilac":4,"biomesoplenty:maple_leaves":2,"minecraft:birch_door":3,"minecraft:wither_rose":2,"minecraft:grass":115,"biomesoplenty:clover":1,"minecraft:oak_log":52,"forbidden_arcanus:nipa":2,"minecraft:sand":5,"minecraft:dirt":34,"quark:hollow_oak_log":3,"minecraft:oak_leaves":33,"biomesoplenty:reed":1,"minecraft:suspicious_gravel":1,"biomesoplenty:watergrass":2,"iceandfire:silver_ore":17,"minecraft:mossy_cobblestone":2,"minecraft:cherry_sapling":1,"minecraft:dark_oak_fence":6,"biomesoplenty:bush":11,"minecraft:spruce_leaves":12,"biomesoplenty:dead_grass":1,"minecraft:hay_block":57,"minecraft:furnace":13,"evilcraft:dark_ore":2,"biomesoplenty:sea_oats":1,"minecraft:bookshelf":32,"biomesoplenty:high_grass":13,"minecraft:vine":9,"irons_spellbooks:firefly_jar":1,"biomesoplenty:barley":10,"biomesoplenty:spider_egg":2,"irons_spellbooks:inscription_table":3,"minecraft:stone":370,"iceandfire:podium_spruce":2,"minecraft:white_wool":2,"ars_nouveau:purple_archwood_log":68,"iceandfire:pixie_jar_empty":1,"minecraft:birch_stairs":2,"ars_nouveau:green_archwood_log":37,"quark:oak_chest":1,"minecraft:dandelion":2,"minecraft:crafting_table":7,"minecraft:oak_wood":3,"minecraft:lectern":3,"biomesoplenty:high_grass_plant":34,"minecraft:tall_grass":30,"minecraft:copper_ore":71,"minecraft:diorite":1,"minecraft:birch_planks":210,"ars_nouveau:purple_archwood_leaves":4,"biomesoplenty:pink_daffodil":1,"minecraft:spruce_log":33,"minecraft:birch_leaves":22,"minecraft:coal_ore":380,"iceandfire:silver_pile":65,"biomesoplenty:stringy_cobweb":1,"minecraft:cherry_leaves":4,"minecraft:sunflower":1,"minecraft:gravel":10,"minecraft:mossy_stone_bricks":1,"minecraft:fern":5},"minecraft:dropped":{"minecraft:iron_sword":1,"ars_nouveau:ritual_wilden_summon":2,"minecraft:birch_planks":31,"minecraft:oak_log":2,"minecraft:diamond":2,"minecraft:crafting_table":1,"minecraft:crossbow":4,"minecraft:leather":2,"irons_spellbooks:tarnished_helmet":1,"weaponmaster:wm_broadsword":1,"minecraft:leather_helmet":1,"minecraft:red_mushroom":3,"forbidden_arcanus:golden_orchid_seeds":2,"minecraft:flint":3,"minecraft:dirt":47,"minecraft:dark_oak_fence":5,"minecraft:mutton":2,"iceandfire:armor_copper_metal_boots":1,"minecraft:chain":3,"minecraft:sunflower":1,"minecraft:bone_meal":15,"minecraft:sand":51,"minecraft:birch_stairs":4,"minecraft:bone":12,"minecraft:gravel":8,"minecraft:stone_axe":3,"minecraft:goat_horn":1,"minecraft:sugar_cane":8,"minecraft:birch_sapling":22,"minecraft:wheat":10,"minecraft:beetroot":2,"minecraft:rotten_flesh":84,"minecraft:oak_planks":32,"minecraft:azure_bluet":2,"minecraft:skeleton_skull":1,"minecraft:oak_wood":2,"minecraft:charcoal":1,"minecraft:beetroot_seeds":8,"minecraft:azalea":3,"minecraft:birch_door":2,"minecraft:iron_bars":2,"iceandfire:armor_copper_metal_leggings":2,"minecraft:egg":2,"minecraft:bread":15,"minecraft:wheat_seeds":61,"minecraft:lilac":2,"weaponmaster:tutorialbook":1,"iceandfire:armor_copper_metal_chestplate":1,"minecraft:cobblestone":6,"minecraft:book":18,"ars_nouveau:purple_archwood_log":2,"minecraft:yellow_carpet":2,"minecraft:coal":10,"minecraft:stick":50,"minecraft:diorite":1,"quark:blossom_log":2,"scalinghealth:heart_crystal":2,"minecraft:wooden_axe":1,"minecraft:cherry_planks":15,"tombstone:grave_dust":3,"minecraft:potion":1,"irons_spellbooks:common_ink":1,"minecraft:smooth_stone":1,"minecraft:paper":2,"minecraft:string":6,"minecraft:spruce_sapling":3,"minecraft:dandelion":2,"iceandfire:dragonbone":4,"minecraft:furnace":1,"alexsmobs:maggot":4,"irons_spellbooks:copper_spell_book":1,"minecraft:stone_sword":2,"minecraft:raw_iron":3,"iceandfire:armor_copper_metal_helmet":1,"minecraft:pumpkin_seeds":1,"minecraft:filled_map":1,"minecraft:flower_pot":1,"minecraft:spruce_planks":3,"minecraft:bundle":3,"minecraft:oak_sapling":5,"minecraft:spider_eye":12,"sophisticatedbackpacks:copper_backpack":2,"minecraft:bow":5,"minecraft:stone_pickaxe":6,"minecraft:wooden_pickaxe":1,"waystones:waystone":1,"scalinghealth:bandages":2},"minecraft:picked_up":{"irons_spellbooks:scroll":5,"minecraft:birch_door":4,"biomesoplenty:burning_blossom":7,"minecraft:wheat":27,"minecraft:flower_pot":2,"minecraft:lead":3,"quark:hollow_oak_log":3,"minecraft:potion":1,"minecraft:wither_rose":2,"minecraft:string":47,"irons_spellbooks:nature_rune":2,"minecraft:raw_copper":241,"minecraft:armor_stand":2,"minecraft:beetroot":2,"irons_spellbooks:arcane_essence":23,"minecraft:gold_nugget":784,"minecraft:smooth_stone":1,"minecraft:spruce_planks":2,"minecraft:azalea":3,"minecraft:written_book":1,"minecraft:calcite":1,"ars_nouveau:mendosteen_pod":4,"irons_spellbooks:inscription_table":3,"minecraft:furnace":14,"minecraft:stick":20,"weaponmaster:weaponkit":1,"minecraft:torch":22,"quark:blossom_log":3,"minecraft:porkchop":26,"minecraft:cherry_log":25,"tombstone:grave_dust":30,"minecraft:diorite":1,"irons_spellbooks:fire_rune":1,"minecraft:cauldron":1,"minecraft:stone_sword":2,"minecraft:rotten_flesh":94,"iceandfire:fire_dragon_heart":1,"ars_nouveau:sourceberry_bush":35,"irons_spellbooks:copper_spell_book":1,"minecraft:iron_bars":7,"alexsmobs:lobster_tail":5,"alexsmobs:flying_fish":2,"minecraft:cobblestone":400,"minecraft:birch_log":288,"minecraft:magma_block":2,"minecraft:lilac":4,"minecraft:brown_wool":1,"minecraft:potato":44,"minecraft:flint":3,"iceandfire:dragonscales_bronze":25,"minecraft:dirt":164,"minecraft:bone":70,"minecraft:bow":10,"minecraft:wheat_seeds":54,"minecraft:mossy_stone_bricks":1,"minecraft:fletching_table":1,"minecraft:glowstone_dust":43,"forbidden_arcanus:nipa":2,"minecraft:pitcher_pod":2,"minecraft:oak_planks":23,"iceandfire:podium_spruce":2,"iceandfire:dragon_skull_fire":1,"iceandfire:shiny_scales":2,"minecraft:sand":55,"iceandfire:stymphalian_bird_feather":12,"minecraft:grass_block":1,"minecraft:mossy_cobblestone":2,"forbidden_arcanus:ender_pearl_fragment":4,"minecraft:bundle":5,"minecraft:yellow_carpet":2,"minecraft:diamond":2,"iceandfire:lectern":1,"waystones:waystone":5,"minecraft:crossbow":4,"minecraft:emerald":4,"scalinghealth:cursed_heart":1,"minecraft:bread":2,"alexsmobs:maggot":6,"irons_spellbooks:uncommon_ink":1,"biomesoplenty:pink_daffodil":1,"minecraft:oak_sapling":6,"minecraft:dark_oak_fence":5,"iceandfire:silver_nugget":556,"iceandfire:raw_silver":18,"iceandfire:dragon_skull_lightning":2,"minecraft:charcoal":6,"minecraft:crafting_table":7,"minecraft:allium":1,"minecraft:azure_bluet":2,"irons_spellbooks:tarnished_helmet":2,"minecraft:moss_carpet":3,"iceandfire:bestiary":1,"minecraft:beef":7,"irons_spellbooks:epic_ink":6,"minecraft:lectern":3,"minecraft:sugar_cane":48,"alexsmobs:cooked_lobster_tail":4,"minecraft:birch_sapling":36,"minecraft:egg":2,"iceandfire:dragonbone":38,"minecraft:raw_iron":23,"minecraft:sandstone":7,"ars_nouveau:purple_archwood_log":68,"minecraft:copper_ingot":1,"ars_nouveau:purple_archwood_sapling":3,"minecraft:carrot":1,"ars_nouveau:ritual_wilden_summon":2,"irons_spellbooks:alchemist_cauldron":1,"ars_nouveau:green_archwood_log":35,"irons_spellbooks:evocation_rune":1,"minecraft:arrow":74,"iceandfire:cyclops_eye":1,"minecraft:beetroot_seeds":5,"iceandfire:chared_dirt":3,"weaponmaster:wm_broadsword":4,"minecraft:hay_block":60,"sophisticatedbackpacks:copper_backpack":3,"minecraft:saddle":1,"tombstone:essence_of_undeath":1,"bountiful:bountyboard":1,"minecraft:mutton":17,"minecraft:skeleton_skull":2,"minecraft:white_wool":14,"minecraft:leather":3,"minecraft:red_mushroom":3,"minecraft:birch_planks":167,"minecraft:oak_log":53,"scalinghealth:bandages":7,"iceandfire:ectoplasm":1,"minecraft:gunpowder":23,"scalinghealth:heart_crystal":17,"scalinghealth:medkit":1,"minecraft:paper":2,"minecraft:white_banner":2,"tombstone:gift":1,"irons_spellbooks:rare_ink":1,"forbidden_arcanus:arcane_crystal_dust_speck":16,"irons_spellbooks:common_ink":1,"minecraft:red_carpet":1,"iceandfire:pixie_jar_empty":1,"minecraft:iron_ingot":8,"minecraft:stone_pickaxe":1,"weaponmaster:tutorialbook":1,"tombstone:bag_of_seeds":4,"iceandfire:fire_dragon_flesh":2,"minecraft:book":99,"iceandfire:copper_nugget":14,"scalinghealth:heart_crystal_shard":30,"minecraft:dandelion":2,"minecraft:gravel":9,"minecraft:birch_stairs":2,"ars_nouveau:bastion_pod":2,"minecraft:spruce_sapling":4,"minecraft:white_bed":3,"minecraft:spruce_log":32,"quark:oak_chest":1,"minecraft:spider_eye":16,"minecraft:leather_helmet":1,"minecraft:oak_wood":2,"minecraft:chainmail_leggings":1,"evilcraft:dark_gem":9,"minecraft:cherry_sapling":3,"tombstone:magic_scroll":4,"minecraft:coal":692,"minecraft:sunflower":1,"minecraft:ender_pearl":2},"minecraft:crafted":{"minecraft:oak_planks":144,"quark:birch_chest":20,"ars_nouveau:archwood_planks":8,"minecraft:cooked_mutton":13,"iceandfire:armor_copper_metal_boots":1,"iceandfire:armor_silver_metal_chestplate":2,"minecraft:bow":4,"iceandfire:armor_silver_metal_leggings":2,"iceandfire:armor_copper_metal_chestplate":2,"minecraft:birch_door":3,"minecraft:oak_slab":12,"quark:blossom_planks":4,"minecraft:cooked_porkchop":22,"minecraft:crafting_table":6,"minecraft:spruce_planks":116,"minecraft:baked_potato":3,"minecraft:copper_ingot":241,"minecraft:birch_planks":1144,"minecraft:shield":1,"minecraft:paper":6,"minecraft:charcoal":10,"minecraft:birch_fence":42,"minecraft:stick":172,"quark:oak_chest":1,"minecraft:iron_ingot":24,"minecraft:stone_sword":5,"minecraft:gold_ingot":85,"minecraft:birch_stairs":16,"minecraft:cherry_planks":72,"minecraft:furnace":6,"iceandfire:armor_copper_metal_leggings":2,"minecraft:bone_meal":15,"iceandfire:armor_copper_metal_helmet":1,"minecraft:stone_pickaxe":9,"minecraft:spruce_boat":2,"iceandfire:armor_silver_metal_boots":2,"quark:spruce_chest":2,"minecraft:wheat":487,"minecraft:cooked_beef":7,"iceandfire:silver_ingot":80,"alexsmobs:cooked_lobster_tail":1,"scalinghealth:heart_crystal":3,"minecraft:stone_axe":7,"minecraft:bread":136,"minecraft:air":0,"minecraft:oak_boat":1,"iceandfire:armor_silver_metal_helmet":2,"forbidden_arcanus:arcane_crystal_dust":1,"minecraft:white_bed":2,"minecraft:torch":60,"minecraft:lapis_block":1},"minecraft:used":{"irons_spellbooks:inscription_table":2,"iceandfire:lectern":1,"minecraft:cherry_sapling":3,"minecraft:moss_carpet":3,"minecraft:shield":158,"minecraft:rotten_flesh":6,"minecraft:mutton":2,"minecraft:carrot":2,"minecraft:allium":1,"minecraft:spruce_boat":2,"minecraft:packed_ice":5,"minecraft:birch_sapling":14,"minecraft:grass_block":1,"alexsmobs:cooked_lobster_tail":5,"weaponmaster:wm_broadsword":81,"forbidden_arcanus:nipa":2,"minecraft:red_carpet":1,"minecraft:magma_block":2,"minecraft:bow":134,"ars_nouveau:sourceberry_bush":37,"minecraft:oak_sapling":1,"minecraft:furnace":19,"minecraft:skeleton_skull":1,"iceandfire:pixie_jar_empty":1,"minecraft:mossy_stone_bricks":1,"minecraft:stone_pickaxe":952,"minecraft:oak_planks":78,"minecraft:wooden_pickaxe":7,"minecraft:sandstone":7,"irons_spellbooks:tarnished_helmet":1,"minecraft:sugar_cane":12,"iceandfire:podium_spruce":2,"minecraft:sand":4,"ars_nouveau:archwood_planks":2,"minecraft:birch_fence":18,"waystones:waystone":3,"quark:hollow_oak_log":3,"minecraft:bread":147,"ars_nouveau:purple_archwood_log":2,"tombstone:grave_key":4,"minecraft:gravel":1,"minecraft:lilac":2,"iceandfire:dragon_skull_fire":1,"minecraft:chain":4,"minecraft:birch_log":2,"minecraft:oak_boat":1,"quark:birch_chest":20,"minecraft:iron_bars":5,"minecraft:stone_sword":839,"iceandfire:silver_sword":1,"iceandfire:armor_copper_metal_leggings":1,"minecraft:armor_stand":2,"minecraft:spruce_planks":67,"minecraft:torch":78,"minecraft:dirt":117,"scalinghealth:heart_crystal":10,"minecraft:birch_door":5,"minecraft:wooden_axe":34,"alexsmobs:maggot":2,"quark:spruce_chest":2,"minecraft:iron_axe":27,"minecraft:goat_horn":2,"scalinghealth:bandages":2,"tombstone:gift":9,"minecraft:cooked_beef":7,"minecraft:cherry_log":7,"minecraft:calcite":1,"minecraft:wheat_seeds":1,"minecraft:cooked_mutton":13,"minecraft:birch_planks":961,"minecraft:baked_potato":3,"minecraft:cherry_planks":24,"minecraft:cauldron":1,"iceandfire:chared_dirt":3,"minecraft:mossy_cobblestone":2,"minecraft:crafting_table":12,"minecraft:white_bed":5,"tombstone:bag_of_seeds":5,"minecraft:oak_log":5,"minecraft:flower_pot":1,"minecraft:apple":8,"biomesoplenty:pink_daffodil":1,"tombstone:magic_scroll":3,"minecraft:spruce_sapling":1,"minecraft:stone_axe":972,"minecraft:cobblestone":228,"minecraft:white_banner":2,"minecraft:cooked_porkchop":22,"quark:oak_chest":2,"alexsmobs:animal_dictionary":1,"minecraft:birch_stairs":14,"tombstone:scroll_of_unstable_intangibility":2},"minecraft:broken":{"minecraft:leather_leggings":1,"minecraft:stone_pickaxe":5,"minecraft:stone_axe":5,"iceandfire:armor_silver_metal_chestplate":1,"iceandfire:armor_silver_metal_boots":1,"iceandfire:armor_copper_metal_helmet":1,"minecraft:leather_helmet":1,"iceandfire:armor_silver_metal_leggings":1,"minecraft:stone_sword":5,"iceandfire:armor_silver_metal_helmet":2,"minecraft:shield":2,"iceandfire:armor_copper_metal_chestplate":1,"iceandfire:armor_copper_metal_boots":1}},"DataVersion":3465}