{"stats":{"minecraft:used":{"irons_spellbooks:inscription_table":2,"iceandfire:lectern":1,"minecraft:cherry_sapling":3,"minecraft:moss_carpet":3,"minecraft:shield":156,"minecraft:rotten_flesh":6,"minecraft:mutton":2,"minecraft:carrot":2,"minecraft:spruce_boat":2,"minecraft:packed_ice":5,"minecraft:grass_block":1,"minecraft:birch_sapling":14,"alexsmobs:cooked_lobster_tail":5,"weaponmaster:wm_broadsword":42,"forbidden_arcanus:nipa":2,"minecraft:magma_block":2,"minecraft:bow":92,"minecraft:furnace":19,"minecraft:oak_sapling":1,"ars_nouveau:sourceberry_bush":37,"iceandfire:pixie_jar_empty":1,"minecraft:mossy_stone_bricks":1,"minecraft:stone_pickaxe":941,"minecraft:oak_planks":78,"minecraft:wooden_pickaxe":7,"minecraft:sandstone":7,"irons_spellbooks:tarnished_helmet":1,"minecraft:sugar_cane":12,"iceandfire:podium_spruce":2,"minecraft:sand":4,"minecraft:birch_fence":18,"quark:hollow_oak_log":3,"minecraft:bread":108,"ars_nouveau:purple_archwood_log":2,"tombstone:grave_key":3,"minecraft:gravel":1,"minecraft:lilac":2,"minecraft:chain":4,"minecraft:birch_log":2,"minecraft:oak_boat":1,"minecraft:iron_bars":5,"quark:birch_chest":20,"minecraft:stone_sword":839,"iceandfire:armor_copper_metal_leggings":1,"minecraft:armor_stand":2,"minecraft:spruce_planks":25,"minecraft:torch":75,"minecraft:dirt":113,"scalinghealth:heart_crystal":10,"minecraft:birch_door":5,"minecraft:wooden_axe":34,"alexsmobs:maggot":2,"quark:spruce_chest":2,"minecraft:goat_horn":1,"tombstone:gift":9,"minecraft:cherry_log":7,"minecraft:calcite":1,"minecraft:wheat_seeds":1,"minecraft:cooked_mutton":13,"minecraft:birch_planks":961,"minecraft:baked_potato":3,"minecraft:cauldron":1,"minecraft:mossy_cobblestone":2,"minecraft:crafting_table":12,"minecraft:white_bed":5,"minecraft:oak_log":5,"tombstone:bag_of_seeds":3,"minecraft:apple":2,"biomesoplenty:pink_daffodil":1,"tombstone:magic_scroll":3,"minecraft:spruce_sapling":1,"minecraft:stone_axe":972,"minecraft:cobblestone":228,"minecraft:white_banner":1,"minecraft:cooked_porkchop":22,"quark:oak_chest":2,"alexsmobs:animal_dictionary":1,"minecraft:birch_stairs":14,"tombstone:scroll_of_unstable_intangibility":2},"minecraft:killed":{"alexsmobs:lobster":11,"minecraft:spider":50,"minecraft:skeleton":77,"minecraft:bee":1,"alexsmobs:skelewag":1,"irons_spellbooks:summoned_skeleton":1,"minecraft:pig":13,"irons_spellbooks:necromancer":4,"minecraft:creeper":28,"minecraft:sheep":11,"minecraft:pillager":12,"minecraft:zombie":110,"alexsmobs:cachalot_whale":1,"cataclysm:deepling":1,"minecraft:ghast":1,"alexsmobs:fly":2,"minecraft:cow":4,"iceandfire:sea_serpent":1,"mca:female_zombie_villager":1,"irons_spellbooks:summoned_zombie":5,"minecraft:vindicator":1,"alexsmobs:bison":1,"minecraft:drowned":5,"alexsmobs:flying_fish":2,"iceandfire:cyclops":1,"ars_nouveau:animated_block":1,"minecraft:ravager":1,"iceandfire:ghost":11,"minecraft:enderman":4},"minecraft:broken":{"minecraft:leather_leggings":1,"minecraft:stone_pickaxe":5,"minecraft:stone_axe":5,"iceandfire:armor_copper_metal_helmet":1,"minecraft:leather_helmet":1,"minecraft:stone_sword":5,"iceandfire:armor_silver_metal_helmet":1,"minecraft:shield":2,"iceandfire:armor_copper_metal_chestplate":1,"iceandfire:armor_copper_metal_boots":1},"minecraft:mined":{"minecraft:white_bed":2,"quark:orange_blossom_leaves":1,"iceandfire:copper_pile":2,"minecraft:cherry_log":25,"biomesoplenty:burning_blossom":8,"minecraft:grass_block":42,"iceandfire:lectern":1,"ars_nouveau:sourceberry_bush":2,"minecraft:smooth_stone":1,"minecraft:magma_block":2,"minecraft:glowstone":16,"minecraft:fire":2,"minecraft:iron_ore":20,"biomesoplenty:violet":3,"biomesoplenty:lavender":1,"minecraft:moss_carpet":1,"minecraft:fletching_table":1,"minecraft:azure_bluet":1,"minecraft:iron_bars":6,"iceandfire:gold_pile":46,"minecraft:water_cauldron":1,"weaponmaster:workstation":1,"bountiful:bountyboard":1,"biomesoplenty:jacaranda_leaves":1,"minecraft:torch":8,"minecraft:calcite":1,"quark:blossom_log":1,"minecraft:cobblestone":28,"minecraft:sugar_cane":24,"minecraft:oak_planks":24,"minecraft:wall_torch":12,"minecraft:skeleton_skull":1,"minecraft:seagrass":3,"minecraft:birch_log":290,"minecraft:lilac":4,"biomesoplenty:maple_leaves":2,"minecraft:birch_door":3,"minecraft:wither_rose":2,"minecraft:grass":101,"biomesoplenty:clover":1,"minecraft:oak_log":52,"forbidden_arcanus:nipa":2,"minecraft:sand":5,"minecraft:dirt":33,"quark:hollow_oak_log":3,"minecraft:oak_leaves":32,"minecraft:suspicious_gravel":1,"iceandfire:silver_ore":17,"minecraft:mossy_cobblestone":2,"minecraft:cherry_sapling":1,"minecraft:dark_oak_fence":6,"biomesoplenty:bush":9,"minecraft:spruce_leaves":10,"biomesoplenty:dead_grass":1,"minecraft:hay_block":54,"minecraft:furnace":13,"evilcraft:dark_ore":2,"biomesoplenty:sea_oats":1,"minecraft:bookshelf":32,"minecraft:vine":5,"biomesoplenty:barley":10,"irons_spellbooks:inscription_table":3,"minecraft:stone":370,"iceandfire:podium_spruce":2,"ars_nouveau:purple_archwood_log":68,"iceandfire:pixie_jar_empty":1,"minecraft:birch_stairs":2,"ars_nouveau:green_archwood_log":37,"quark:oak_chest":1,"minecraft:dandelion":2,"minecraft:crafting_table":7,"minecraft:oak_wood":3,"minecraft:lectern":3,"minecraft:tall_grass":20,"minecraft:copper_ore":71,"minecraft:diorite":1,"minecraft:birch_planks":210,"ars_nouveau:purple_archwood_leaves":4,"biomesoplenty:pink_daffodil":1,"minecraft:spruce_log":23,"minecraft:birch_leaves":22,"minecraft:coal_ore":380,"iceandfire:silver_pile":65,"minecraft:cherry_leaves":4,"minecraft:sunflower":1,"minecraft:gravel":10,"minecraft:mossy_stone_bricks":1},"minecraft:dropped":{"ars_nouveau:ritual_wilden_summon":2,"minecraft:birch_planks":31,"minecraft:oak_log":2,"minecraft:diamond":2,"minecraft:crafting_table":1,"minecraft:leather":2,"irons_spellbooks:tarnished_helmet":1,"minecraft:leather_helmet":1,"forbidden_arcanus:golden_orchid_seeds":2,"minecraft:flint":3,"minecraft:dirt":47,"minecraft:dark_oak_fence":5,"minecraft:mutton":2,"iceandfire:armor_copper_metal_boots":1,"minecraft:chain":1,"minecraft:sunflower":1,"minecraft:bone_meal":15,"minecraft:sand":51,"minecraft:birch_stairs":4,"minecraft:bone":8,"minecraft:gravel":8,"minecraft:stone_axe":3,"minecraft:sugar_cane":8,"minecraft:wheat":9,"minecraft:birch_sapling":22,"minecraft:rotten_flesh":80,"minecraft:oak_planks":32,"minecraft:oak_wood":2,"minecraft:charcoal":1,"minecraft:beetroot_seeds":1,"minecraft:birch_door":2,"minecraft:iron_bars":2,"iceandfire:armor_copper_metal_leggings":2,"minecraft:egg":2,"minecraft:bread":15,"minecraft:wheat_seeds":22,"minecraft:lilac":2,"weaponmaster:tutorialbook":1,"iceandfire:armor_copper_metal_chestplate":1,"minecraft:cobblestone":6,"minecraft:book":18,"ars_nouveau:purple_archwood_log":2,"minecraft:coal":10,"minecraft:stick":40,"minecraft:diorite":1,"scalinghealth:heart_crystal":2,"minecraft:wooden_axe":1,"tombstone:grave_dust":3,"minecraft:potion":1,"irons_spellbooks:common_ink":1,"minecraft:smooth_stone":1,"minecraft:paper":2,"minecraft:string":3,"minecraft:spruce_sapling":3,"minecraft:dandelion":1,"minecraft:furnace":1,"alexsmobs:maggot":3,"minecraft:stone_sword":2,"iceandfire:armor_copper_metal_helmet":1,"minecraft:filled_map":1,"minecraft:spruce_planks":3,"minecraft:bundle":3,"minecraft:oak_sapling":5,"minecraft:spider_eye":9,"sophisticatedbackpacks:copper_backpack":2,"minecraft:bow":4,"minecraft:stone_pickaxe":4,"minecraft:wooden_pickaxe":1,"waystones:waystone":1,"scalinghealth:bandages":1},"minecraft:picked_up":{"irons_spellbooks:scroll":2,"biomesoplenty:burning_blossom":7,"minecraft:birch_door":4,"minecraft:wheat":8,"minecraft:lead":3,"quark:hollow_oak_log":3,"minecraft:potion":1,"minecraft:wither_rose":2,"minecraft:string":43,"minecraft:raw_copper":241,"minecraft:armor_stand":2,"irons_spellbooks:arcane_essence":7,"minecraft:gold_nugget":426,"minecraft:smooth_stone":1,"minecraft:written_book":1,"minecraft:calcite":1,"ars_nouveau:mendosteen_pod":4,"irons_spellbooks:inscription_table":3,"minecraft:furnace":14,"minecraft:stick":20,"weaponmaster:weaponkit":1,"minecraft:torch":22,"quark:blossom_log":1,"minecraft:porkchop":26,"minecraft:cherry_log":25,"tombstone:grave_dust":25,"minecraft:diorite":1,"minecraft:cauldron":1,"minecraft:stone_sword":2,"minecraft:rotten_flesh":90,"ars_nouveau:sourceberry_bush":35,"minecraft:iron_bars":7,"alexsmobs:lobster_tail":5,"alexsmobs:flying_fish":2,"minecraft:cobblestone":400,"minecraft:birch_log":288,"minecraft:magma_block":2,"minecraft:lilac":4,"minecraft:brown_wool":1,"minecraft:potato":4,"minecraft:flint":3,"minecraft:dirt":160,"minecraft:bone":68,"minecraft:bow":10,"minecraft:wheat_seeds":20,"minecraft:fletching_table":1,"minecraft:mossy_stone_bricks":1,"minecraft:glowstone_dust":43,"forbidden_arcanus:nipa":2,"minecraft:pitcher_pod":2,"minecraft:oak_planks":23,"iceandfire:podium_spruce":2,"minecraft:sand":55,"iceandfire:shiny_scales":2,"minecraft:grass_block":1,"minecraft:mossy_cobblestone":2,"minecraft:bundle":5,"forbidden_arcanus:ender_pearl_fragment":4,"iceandfire:lectern":1,"waystones:waystone":2,"minecraft:emerald":3,"scalinghealth:cursed_heart":1,"minecraft:bread":2,"alexsmobs:maggot":6,"biomesoplenty:pink_daffodil":1,"minecraft:oak_sapling":6,"minecraft:dark_oak_fence":5,"iceandfire:silver_nugget":556,"iceandfire:raw_silver":18,"iceandfire:dragon_skull_lightning":2,"minecraft:charcoal":6,"minecraft:crafting_table":7,"irons_spellbooks:tarnished_helmet":2,"minecraft:moss_carpet":3,"iceandfire:bestiary":1,"minecraft:beef":7,"irons_spellbooks:epic_ink":1,"minecraft:lectern":3,"minecraft:sugar_cane":48,"alexsmobs:cooked_lobster_tail":4,"minecraft:birch_sapling":36,"minecraft:egg":2,"iceandfire:dragonbone":24,"minecraft:raw_iron":20,"minecraft:sandstone":7,"ars_nouveau:purple_archwood_log":68,"minecraft:copper_ingot":1,"ars_nouveau:purple_archwood_sapling":3,"minecraft:carrot":1,"ars_nouveau:ritual_wilden_summon":2,"ars_nouveau:green_archwood_log":35,"iceandfire:cyclops_eye":1,"minecraft:arrow":74,"minecraft:beetroot_seeds":1,"minecraft:hay_block":57,"minecraft:saddle":1,"sophisticatedbackpacks:copper_backpack":3,"tombstone:essence_of_undeath":1,"bountiful:bountyboard":1,"minecraft:mutton":17,"minecraft:skeleton_skull":1,"minecraft:white_wool":14,"minecraft:leather":3,"minecraft:birch_planks":167,"minecraft:oak_log":53,"scalinghealth:bandages":4,"iceandfire:ectoplasm":1,"minecraft:gunpowder":23,"scalinghealth:heart_crystal":17,"tombstone:gift":1,"minecraft:paper":2,"minecraft:white_banner":1,"scalinghealth:medkit":1,"irons_spellbooks:common_ink":1,"forbidden_arcanus:arcane_crystal_dust_speck":10,"iceandfire:pixie_jar_empty":1,"minecraft:iron_ingot":4,"weaponmaster:tutorialbook":1,"tombstone:bag_of_seeds":3,"minecraft:book":99,"iceandfire:copper_nugget":14,"scalinghealth:heart_crystal_shard":28,"minecraft:dandelion":1,"minecraft:gravel":9,"minecraft:birch_stairs":2,"ars_nouveau:bastion_pod":2,"minecraft:spruce_sapling":4,"minecraft:white_bed":3,"minecraft:spruce_log":22,"quark:oak_chest":1,"minecraft:spider_eye":14,"minecraft:leather_helmet":1,"minecraft:oak_wood":2,"minecraft:chainmail_leggings":1,"evilcraft:dark_gem":9,"minecraft:cherry_sapling":3,"tombstone:magic_scroll":4,"minecraft:coal":692,"minecraft:sunflower":1,"minecraft:ender_pearl":2},"minecraft:crafted":{"minecraft:oak_planks":144,"quark:birch_chest":20,"minecraft:cooked_mutton":13,"iceandfire:armor_copper_metal_boots":1,"iceandfire:armor_silver_metal_chestplate":1,"minecraft:bow":3,"iceandfire:armor_silver_metal_leggings":1,"iceandfire:armor_copper_metal_chestplate":2,"minecraft:birch_door":3,"minecraft:oak_slab":12,"quark:blossom_planks":4,"minecraft:cooked_porkchop":22,"minecraft:crafting_table":6,"minecraft:spruce_planks":76,"minecraft:baked_potato":3,"minecraft:copper_ingot":241,"minecraft:birch_planks":1144,"minecraft:paper":6,"minecraft:charcoal":10,"minecraft:birch_fence":42,"minecraft:stick":160,"quark:oak_chest":1,"minecraft:iron_ingot":11,"minecraft:stone_sword":5,"minecraft:gold_ingot":46,"minecraft:birch_stairs":16,"minecraft:cherry_planks":8,"minecraft:furnace":6,"iceandfire:armor_copper_metal_leggings":2,"minecraft:bone_meal":15,"iceandfire:armor_copper_metal_helmet":1,"minecraft:stone_pickaxe":9,"minecraft:spruce_boat":2,"iceandfire:armor_silver_metal_boots":1,"quark:spruce_chest":2,"minecraft:wheat":487,"iceandfire:silver_ingot":80,"alexsmobs:cooked_lobster_tail":1,"scalinghealth:heart_crystal":3,"minecraft:stone_axe":7,"minecraft:bread":130,"minecraft:air":0,"minecraft:oak_boat":1,"iceandfire:armor_silver_metal_helmet":1,"forbidden_arcanus:arcane_crystal_dust":1,"minecraft:white_bed":2,"minecraft:torch":60,"minecraft:lapis_block":1},"minecraft:killed_by":{"minecraft:creeper":4,"iceandfire:sea_serpent":1,"cataclysm:deepling":1,"iceandfire:fire_dragon":1,"minecraft:player":2,"minecraft:enderman":1},"minecraft:custom":{"lootr:looted_stat":36,"minecraft:animals_bred":1,"minecraft:interact_with_crafting_table":78,"minecraft:bell_ring":1,"minecraft:leave_game":6,"minecraft:time_since_death":42332,"minecraft:sprint_one_cm":1170399,"minecraft:damage_blocked_by_shield":5450,"minecraft:drop":183,"minecraft:talked_to_villager":4,"minecraft:play_time":549104,"minecraft:deaths":11,"minecraft:jump":12422,"minecraft:walk_on_water_one_cm":133999,"minecraft:interact_with_furnace":146,"minecraft:interact_with_loom":1,"minecraft:sleep_in_bed":8,"minecraft:waystone_activated":2,"minecraft:damage_dealt":64757,"minecraft:player_kills":2,"minecraft:crouch_one_cm":117166,"tombstone:undead_killed":215,"minecraft:horse_one_cm":693293,"minecraft:mob_kills":379,"minecraft:damage_dealt_resisted":999,"minecraft:climb_one_cm":8242,"minecraft:walk_one_cm":1465056,"minecraft:damage_dealt_absorbed":243,"minecraft:sneak_time":30762,"minecraft:walk_under_water_one_cm":96310,"minecraft:boat_one_cm":308073,"minecraft:total_world_time":549104,"tombstone:raider_killed":14,"minecraft:time_since_rest":42041,"minecraft:damage_taken":20680,"minecraft:trigger_trapped_chest":6,"minecraft:swim_one_cm":269310,"minecraft:fly_one_cm":2386095,"minecraft:open_chest":288,"minecraft:fall_one_cm":345367}},"DataVersion":3465}