{"stats":{"minecraft:used":{"minecraft:spruce_planks":2,"weaponmaster:workstation":1,"minecraft:cooked_chicken":1,"minecraft:rotten_flesh":10,"minecraft:dirt":66,"scalinghealth:heart_crystal":1,"minecraft:spruce_boat":2,"minecraft:wooden_axe":29,"alexsmobs:cooked_lobster_tail":3,"minecraft:furnace":2,"tombstone:gift":4,"minecraft:water_bucket":4,"minecraft:birch_planks":42,"minecraft:stone_pickaxe":272,"minecraft:baked_potato":17,"minecraft:oak_planks":4,"minecraft:wooden_pickaxe":52,"minecraft:sand":2,"minecraft:crafting_table":5,"weaponmaster:wm_broadswordlarge":212,"minecraft:apple":2,"minecraft:bread":3,"minecraft:stone_axe":8,"scalinghealth:medkit":1,"minecraft:cobblestone":33,"minecraft:cooked_porkchop":2,"minecraft:bucket":4},"minecraft:killed":{"alexsmobs:lobster":8,"alexsmobs:raccoon":1,"minecraft:spider":6,"minecraft:skeleton":1,"minecraft:drowned":1,"minecraft:pig":1,"minecraft:creeper":2,"minecraft:zombie":8,"iceandfire:ghost":1,"alexsmobs:cachalot_whale":1,"alexsmobs:fly":3,"alexsmobs:crow":2,"minecraft:glow_squid":1,"minecraft:enderman":2},"minecraft:broken":{"minecraft:wooden_pickaxe":1,"minecraft:stone_pickaxe":2,"minecraft:wooden_axe":1},"minecraft:mined":{"minecraft:spruce_planks":2,"iceandfire:graveyard_soil":1,"iceandfire:silver_ore":2,"biomesoplenty:bush":4,"minecraft:grass_block":14,"iceandfire:deepslate_silver_ore":4,"ars_nouveau:bastion_pod":1,"biomesoplenty:dune_grass":1,"ars_nouveau:frostaya_pod":1,"minecraft:iron_ore":19,"minecraft:fire":3,"minecraft:andesite":2,"evilcraft:dark_ore":5,"minecraft:deepslate_lapis_ore":4,"biomesoplenty:sea_oats":4,"biomesoplenty:high_grass":15,"minecraft:deepslate_iron_ore":10,"minecraft:stone":108,"minecraft:crafting_table":2,"biomesoplenty:high_grass_plant":75,"minecraft:tall_grass":30,"minecraft:copper_ore":3,"minecraft:cobblestone":7,"minecraft:oak_planks":4,"minecraft:skeleton_skull":1,"minecraft:birch_planks":2,"forbidden_arcanus:darkstone":10,"minecraft:birch_log":13,"evilcraft:dark_ore_deepslate":5,"minecraft:spruce_log":6,"minecraft:birch_leaves":10,"minecraft:grass":98,"minecraft:coal_ore":117,"evilcraft:blood_stain":1,"minecraft:dirt":39,"minecraft:sand":2,"minecraft:deepslate":29,"minecraft:fern":2},"minecraft:dropped":{"iceandfire:raw_silver":7,"minecraft:wheat_seeds":6,"minecraft:diamond":9,"weaponmaster:tutorialbook":1,"minecraft:cobblestone":9,"minecraft:apple":2,"forbidden_arcanus:rune":3,"minecraft:wooden_hoe":2,"minecraft:sand":1,"weaponmaster:workstation":1,"minecraft:redstone":57,"minecraft:furnace":1,"minecraft:sugar_cane":4,"minecraft:cooked_chicken":4,"minecraft:birch_sapling":1,"minecraft:raw_iron":16,"iceandfire:silver_shovel":1,"minecraft:flint_and_steel":1,"minecraft:skeleton_skull":1,"minecraft:oak_sapling":1,"minecraft:spider_eye":1,"minecraft:wooden_pickaxe":2,"minecraft:raw_gold":11},"minecraft:picked_up":{"minecraft:wooden_axe":1,"minecraft:crafting_table":2,"biomesoplenty:burning_blossom":2,"minecraft:wooden_pickaxe":2,"irons_spellbooks:holy_rune":1,"forbidden_arcanus:xpetrified_orb":1,"minecraft:string":4,"evilcraft:ender_tear":1,"minecraft:raw_copper":8,"iceandfire:graveyard_soil":1,"irons_spellbooks:arcane_essence":3,"minecraft:smooth_stone":1,"minecraft:cobbled_deepslate":30,"minecraft:spruce_planks":2,"minecraft:sugar_cane":17,"minecraft:birch_sapling":6,"minecraft:furnace":1,"minecraft:stick":13,"minecraft:raw_iron":50,"weaponmaster:weaponkit":1,"minecraft:porkchop":2,"ars_nouveau:frostaya_pod":3,"tombstone:grave_dust":2,"minecraft:redstone":57,"minecraft:arrow":10,"minecraft:rotten_flesh":16,"sophisticatedbackpacks:copper_backpack":1,"minecraft:skeleton_skull":1,"alexsmobs:lobster_tail":3,"minecraft:cobblestone":113,"minecraft:birch_log":17,"minecraft:glow_ink_sac":7,"minecraft:water_bucket":1,"minecraft:andesite":2,"iceandfire:silver_shovel":1,"minecraft:potato":28,"minecraft:birch_planks":2,"scalinghealth:heart_crystal":2,"minecraft:lapis_lazuli":28,"minecraft:wooden_hoe":1,"minecraft:dirt":66,"scalinghealth:medkit":1,"irons_spellbooks:rare_ink":1,"minecraft:bone":6,"minecraft:apple":2,"minecraft:wheat_seeds":13,"minecraft:raw_gold":32,"minecraft:stone_pickaxe":1,"minecraft:cooked_chicken":3,"scalinghealth:power_crystal_shard":3,"forbidden_arcanus:rune":6,"minecraft:glowstone_dust":3,"forbidden_arcanus:darkstone":10,"minecraft:oak_planks":8,"scalinghealth:heart_crystal_shard":20,"ars_nouveau:novice_spell_book":1,"minecraft:sand":3,"ars_nouveau:bastion_pod":3,"minecraft:spruce_sapling":5,"minecraft:spruce_log":7,"minecraft:grass_block":1,"minecraft:spider_eye":1,"forbidden_arcanus:arcane_crystal":3,"forbidden_arcanus:ender_pearl_fragment":2,"weaponmaster:workstation":2,"minecraft:diamond":13,"minecraft:stone_axe":1,"minecraft:spruce_boat":2,"evilcraft:dark_gem":45,"alexsmobs:maggot":4,"minecraft:oak_sapling":1,"minecraft:coal":158,"iceandfire:raw_silver":7,"minecraft:ender_pearl":2},"minecraft:crafted":{"minecraft:cooked_chicken":2,"minecraft:furnace":2,"minecraft:bone_meal":6,"tombstone:grave_key":1,"minecraft:stone_pickaxe":3,"minecraft:spruce_boat":1,"minecraft:cooked_porkchop":2,"alexsmobs:cooked_lobster_tail":1,"minecraft:crafting_table":4,"minecraft:spruce_planks":20,"minecraft:wooden_pickaxe":1,"minecraft:baked_potato":21,"scalinghealth:heart_crystal":1,"minecraft:birch_planks":68,"minecraft:air":0,"minecraft:wooden_hoe":1,"minecraft:iron_ingot":12,"minecraft:wooden_axe":1},"minecraft:killed_by":{"minecraft:drowned":1,"alexsmobs:crocodile":1,"iceandfire:ghost":2,"cave_dweller:cave_dweller":1},"minecraft:custom":{"lootr:looted_stat":5,"minecraft:mob_kills":39,"minecraft:interact_with_crafting_table":11,"minecraft:damage_dealt_resisted":16,"minecraft:leave_game":3,"minecraft:time_since_death":12058,"minecraft:climb_one_cm":20210,"minecraft:sprint_one_cm":412607,"minecraft:walk_one_cm":783643,"minecraft:drop":30,"minecraft:play_time":229181,"minecraft:deaths":6,"minecraft:sneak_time":4523,"minecraft:walk_under_water_one_cm":53285,"minecraft:boat_one_cm":123776,"minecraft:jump":3088,"minecraft:walk_on_water_one_cm":50946,"minecraft:total_world_time":229181,"minecraft:interact_with_furnace":14,"minecraft:sleep_in_bed":4,"minecraft:time_since_rest":1468,"minecraft:damage_taken":3315,"minecraft:trigger_trapped_chest":2,"minecraft:damage_dealt":1318,"minecraft:swim_one_cm":50189,"minecraft:fly_one_cm":460351,"minecraft:player_kills":1,"minecraft:crouch_one_cm":11002,"tombstone:undead_killed":11,"minecraft:fall_one_cm":69032}},"DataVersion":3465}