{"stats":{"minecraft:killed_by":{"iceandfire:ghost":2,"minecraft:drowned":1},"minecraft:custom":{"lootr:looted_stat":1,"minecraft:interact_with_furnace":7,"minecraft:mob_kills":23,"minecraft:interact_with_crafting_table":4,"minecraft:leave_game":1,"minecraft:time_since_death":45875,"minecraft:sleep_in_bed":1,"minecraft:time_since_rest":17862,"minecraft:sprint_one_cm":125168,"minecraft:damage_taken":1564,"minecraft:walk_one_cm":263147,"minecraft:trigger_trapped_chest":1,"minecraft:drop":6,"minecraft:damage_dealt":855,"minecraft:swim_one_cm":39678,"minecraft:fly_one_cm":143532,"minecraft:player_kills":1,"minecraft:crouch_one_cm":2386,"minecraft:deaths":3,"minecraft:play_time":75674,"tombstone:undead_killed":3,"minecraft:sneak_time":1380,"minecraft:walk_under_water_one_cm":33997,"minecraft:boat_one_cm":70361,"minecraft:jump":1008,"minecraft:walk_on_water_one_cm":29626,"minecraft:total_world_time":75674,"minecraft:fall_one_cm":20868},"minecraft:broken":{"minecraft:stone_pickaxe":1,"minecraft:wooden_pickaxe":1},"minecraft:killed":{"alexsmobs:lobster":8,"minecraft:pig":1,"minecraft:spider":4,"minecraft:creeper":2,"minecraft:zombie":3,"alexsmobs:cachalot_whale":1,"alexsmobs:fly":2,"alexsmobs:crow":1,"minecraft:enderman":1},"minecraft:used":{"minecraft:stone_pickaxe":71,"minecraft:wooden_pickaxe":52,"weaponmaster:workstation":1,"minecraft:cooked_chicken":1,"minecraft:dirt":9,"scalinghealth:heart_crystal":1,"minecraft:crafting_table":2,"weaponmaster:wm_broadswordlarge":168,"minecraft:spruce_boat":1,"minecraft:wooden_axe":1,"alexsmobs:cooked_lobster_tail":3,"minecraft:cobblestone":6,"minecraft:furnace":1,"minecraft:cooked_porkchop":2,"tombstone:gift":2},"minecraft:mined":{"iceandfire:graveyard_soil":1,"iceandfire:silver_ore":1,"minecraft:crafting_table":1,"biomesoplenty:bush":4,"minecraft:grass_block":13,"biomesoplenty:high_grass_plant":75,"minecraft:tall_grass":7,"minecraft:cobblestone":4,"biomesoplenty:dune_grass":1,"minecraft:skeleton_skull":1,"minecraft:iron_ore":2,"minecraft:spruce_log":6,"biomesoplenty:sea_oats":4,"minecraft:grass":81,"minecraft:coal_ore":86,"biomesoplenty:high_grass":15,"minecraft:dirt":4,"minecraft:stone":23,"minecraft:fern":2},"minecraft:picked_up":{"minecraft:wooden_axe":1,"minecraft:crafting_table":1,"minecraft:wooden_pickaxe":1,"scalinghealth:heart_crystal":1,"minecraft:string":2,"minecraft:dirt":28,"minecraft:bone":2,"iceandfire:graveyard_soil":1,"minecraft:wheat_seeds":6,"minecraft:stone_pickaxe":1,"minecraft:cooked_chicken":3,"minecraft:sugar_cane":4,"minecraft:furnace":1,"minecraft:stick":2,"minecraft:raw_iron":2,"weaponmaster:weaponkit":1,"minecraft:porkchop":2,"minecraft:sand":1,"minecraft:spruce_sapling":5,"minecraft:grass_block":1,"minecraft:spruce_log":7,"minecraft:spider_eye":1,"forbidden_arcanus:ender_pearl_fragment":1,"weaponmaster:workstation":2,"minecraft:arrow":2,"minecraft:spruce_boat":1,"alexsmobs:maggot":3,"minecraft:oak_sapling":1,"alexsmobs:lobster_tail":3,"minecraft:coal":127,"minecraft:skeleton_skull":1,"iceandfire:raw_silver":1,"minecraft:cobblestone":26},"minecraft:crafted":{"minecraft:cooked_porkchop":2,"alexsmobs:cooked_lobster_tail":1,"minecraft:crafting_table":1,"minecraft:spruce_planks":4,"minecraft:cooked_chicken":2,"minecraft:furnace":1,"minecraft:air":0,"minecraft:stone_pickaxe":1,"minecraft:spruce_boat":1},"minecraft:dropped":{"iceandfire:raw_silver":1,"minecraft:wheat_seeds":6,"minecraft:cooked_chicken":4,"minecraft:oak_sapling":1,"weaponmaster:workstation":1}},"DataVersion":3465}