{"stats":{"minecraft:used":{"minecraft:birch_planks":42,"minecraft:stone_pickaxe":71,"minecraft:oak_planks":4,"minecraft:spruce_planks":2,"minecraft:wooden_pickaxe":52,"weaponmaster:workstation":1,"minecraft:rotten_flesh":4,"minecraft:cooked_chicken":1,"minecraft:dirt":23,"scalinghealth:heart_crystal":1,"minecraft:crafting_table":3,"weaponmaster:wm_broadswordlarge":200,"minecraft:spruce_boat":2,"minecraft:wooden_axe":25,"minecraft:bread":3,"alexsmobs:cooked_lobster_tail":3,"minecraft:cobblestone":6,"minecraft:furnace":1,"minecraft:cooked_porkchop":2,"tombstone:gift":2},"minecraft:killed":{"alexsmobs:lobster":8,"minecraft:pig":1,"minecraft:spider":5,"minecraft:creeper":2,"iceandfire:ghost":1,"minecraft:zombie":6,"alexsmobs:cachalot_whale":1,"alexsmobs:fly":2,"alexsmobs:crow":2,"minecraft:enderman":1},"minecraft:mined":{"minecraft:spruce_planks":2,"iceandfire:graveyard_soil":1,"iceandfire:silver_ore":1,"minecraft:crafting_table":1,"biomesoplenty:bush":4,"minecraft:grass_block":13,"biomesoplenty:high_grass_plant":75,"minecraft:tall_grass":29,"minecraft:cobblestone":4,"minecraft:oak_planks":4,"biomesoplenty:dune_grass":1,"minecraft:skeleton_skull":1,"minecraft:birch_planks":2,"minecraft:birch_log":13,"minecraft:iron_ore":2,"minecraft:spruce_log":6,"minecraft:birch_leaves":10,"evilcraft:blood_stain":1,"biomesoplenty:sea_oats":4,"minecraft:grass":90,"minecraft:coal_ore":86,"biomesoplenty:high_grass":15,"minecraft:dirt":18,"minecraft:stone":23,"minecraft:fern":2},"minecraft:dropped":{"minecraft:furnace":1,"iceandfire:raw_silver":1,"minecraft:sugar_cane":4,"minecraft:wheat_seeds":6,"minecraft:cooked_chicken":4,"weaponmaster:tutorialbook":1,"minecraft:birch_sapling":1,"minecraft:cobblestone":9,"minecraft:apple":2,"minecraft:wooden_hoe":2,"minecraft:oak_sapling":1,"minecraft:spider_eye":1,"minecraft:sand":1,"minecraft:wooden_pickaxe":2,"weaponmaster:workstation":1},"minecraft:broken":{"minecraft:stone_pickaxe":1,"minecraft:wooden_axe":1,"minecraft:wooden_pickaxe":1},"minecraft:picked_up":{"minecraft:wooden_axe":1,"minecraft:birch_log":17,"minecraft:crafting_table":1,"minecraft:wooden_pickaxe":2,"minecraft:birch_planks":2,"irons_spellbooks:holy_rune":1,"minecraft:wooden_hoe":1,"scalinghealth:heart_crystal":1,"minecraft:dirt":44,"minecraft:string":3,"irons_spellbooks:rare_ink":1,"minecraft:bone":2,"minecraft:apple":2,"iceandfire:graveyard_soil":1,"irons_spellbooks:arcane_essence":3,"minecraft:wheat_seeds":10,"minecraft:smooth_stone":1,"minecraft:spruce_planks":2,"minecraft:stone_pickaxe":1,"minecraft:cooked_chicken":3,"minecraft:sugar_cane":8,"minecraft:birch_sapling":6,"minecraft:oak_planks":8,"minecraft:furnace":1,"scalinghealth:heart_crystal_shard":10,"minecraft:stick":13,"minecraft:raw_iron":2,"weaponmaster:weaponkit":1,"minecraft:porkchop":2,"minecraft:sand":1,"minecraft:spruce_sapling":5,"minecraft:grass_block":1,"minecraft:spruce_log":7,"minecraft:spider_eye":1,"minecraft:rotten_flesh":5,"forbidden_arcanus:ender_pearl_fragment":1,"minecraft:arrow":2,"weaponmaster:workstation":2,"minecraft:spruce_boat":2,"alexsmobs:maggot":3,"minecraft:oak_sapling":1,"alexsmobs:lobster_tail":3,"minecraft:skeleton_skull":1,"minecraft:coal":127,"iceandfire:raw_silver":1,"minecraft:cobblestone":26},"minecraft:crafted":{"minecraft:cooked_porkchop":2,"alexsmobs:cooked_lobster_tail":1,"minecraft:crafting_table":2,"minecraft:spruce_planks":20,"minecraft:wooden_pickaxe":1,"minecraft:cooked_chicken":2,"minecraft:furnace":1,"minecraft:birch_planks":68,"minecraft:air":0,"minecraft:wooden_hoe":1,"minecraft:stone_pickaxe":1,"minecraft:wooden_axe":1,"minecraft:spruce_boat":1},"minecraft:killed_by":{"iceandfire:ghost":2,"minecraft:drowned":1},"minecraft:custom":{"lootr:looted_stat":5,"minecraft:interact_with_furnace":7,"minecraft:mob_kills":30,"minecraft:interact_with_crafting_table":7,"minecraft:leave_game":2,"minecraft:time_since_death":91129,"minecraft:sleep_in_bed":3,"minecraft:climb_one_cm":10304,"minecraft:time_since_rest":290,"minecraft:sprint_one_cm":197131,"minecraft:damage_taken":1835,"minecraft:walk_one_cm":523929,"minecraft:trigger_trapped_chest":2,"minecraft:drop":18,"minecraft:damage_dealt":855,"minecraft:swim_one_cm":43134,"minecraft:fly_one_cm":207529,"minecraft:player_kills":1,"minecraft:crouch_one_cm":5203,"minecraft:play_time":120928,"tombstone:undead_killed":7,"minecraft:deaths":3,"minecraft:sneak_time":2083,"minecraft:walk_under_water_one_cm":39689,"minecraft:boat_one_cm":123776,"minecraft:jump":1588,"minecraft:walk_on_water_one_cm":30564,"minecraft:total_world_time":120928,"minecraft:fall_one_cm":33249}},"DataVersion":3465}