{"stats":{"minecraft:used":{"minecraft:cooked_mutton":6,"minecraft:stone_sword":15,"weaponmaster:wm_rapierlarge":13,"minecraft:stone_pickaxe":139,"minecraft:oak_planks":15,"twilightforest:glass_sword":78,"minecraft:chest":1,"minecraft:wooden_pickaxe":44,"weaponmaster:workstation":5,"minecraft:cooked_chicken":3,"minecraft:rotten_flesh":16,"minecraft:torch":15,"minecraft:dirt":7,"scalinghealth:heart_crystal":5,"minecraft:crafting_table":8,"minecraft:white_bed":1,"minecraft:wooden_hoe":1,"minecraft:apple":1,"tombstone:grave_key":1,"minecraft:spruce_sapling":2,"minecraft:lilac":1,"minecraft:stone_axe":55,"minecraft:cobblestone":6,"minecraft:furnace":5,"minecraft:cooked_porkchop":2,"minecraft:andesite":1,"tombstone:gift":2,"minecraft:oak_boat":2},"minecraft:killed":{"minecraft:pig":4,"minecraft:salmon":1,"minecraft:spider":5,"minecraft:cod":1,"minecraft:creeper":16,"minecraft:skeleton":22,"minecraft:sheep":4,"cataclysm:deepling_brute":1,"minecraft:zombie":21,"iceandfire:ghost":2,"minecraft:chicken":4,"alexsmobs:flying_fish":7,"minecraft:enderman":4},"minecraft:dropped":{"iceandfire:raw_silver":2,"minecraft:stone_axe":1,"minecraft:wheat_seeds":1,"minecraft:cooked_chicken":1,"minecraft:stone_sword":1,"evilcraft:flesh_humanoid":1,"minecraft:salmon":1,"minecraft:grass_block":1,"minecraft:cod":1,"irons_spellbooks:scroll":1,"weaponmaster:weaponkit":2,"minecraft:dirt":38,"minecraft:wooden_hoe":1,"minecraft:oak_sapling":6,"minecraft:spider_eye":1,"minecraft:sand":14,"sophisticatedbackpacks:copper_backpack":1},"minecraft:mined":{"minecraft:white_bed":1,"iceandfire:silver_ore":1,"minecraft:crafting_table":4,"biomesoplenty:bush":1,"minecraft:grass_block":7,"minecraft:tall_grass":2,"minecraft:cobblestone":3,"minecraft:sandstone":3,"minecraft:wall_torch":1,"minecraft:furnace":4,"minecraft:lilac":1,"minecraft:andesite":1,"minecraft:grass":25,"minecraft:coal_ore":68,"minecraft:oak_log":38,"minecraft:sand":13,"minecraft:dirt":20,"weaponmaster:workstation":3,"minecraft:stone":104,"minecraft:oak_leaves":27},"minecraft:broken":{"minecraft:stone_pickaxe":1,"minecraft:wooden_pickaxe":1},"minecraft:picked_up":{"irons_spellbooks:scroll":1,"minecraft:crafting_table":4,"minecraft:lilac":1,"minecraft:azure_bluet":1,"minecraft:feather":4,"minecraft:chicken":4,"minecraft:andesite":1,"minecraft:salmon":1,"minecraft:potato":1,"minecraft:oak_log":38,"minecraft:gunpowder":10,"scalinghealth:heart_crystal":5,"minecraft:string":3,"minecraft:dirt":130,"evilcraft:ender_tear":1,"minecraft:bone":27,"minecraft:apple":1,"minecraft:bow":2,"minecraft:wheat_seeds":4,"minecraft:cooked_chicken":2,"minecraft:oak_boat":1,"minecraft:oak_planks":22,"minecraft:furnace":3,"minecraft:egg":2,"minecraft:stick":5,"minecraft:sandstone":3,"scalinghealth:heart_crystal_shard":15,"minecraft:torch":1,"sophisticatedbackpacks:backpack":1,"minecraft:porkchop":4,"minecraft:sand":14,"minecraft:spruce_sapling":3,"tombstone:grave_dust":5,"minecraft:white_bed":1,"minecraft:grass_block":1,"minecraft:spider_eye":2,"minecraft:bundle":2,"forbidden_arcanus:ender_pearl_fragment":3,"minecraft:arrow":23,"minecraft:rotten_flesh":27,"weaponmaster:workstation":3,"minecraft:bone_meal":1,"sophisticatedbackpacks:copper_backpack":1,"tombstone:magic_scroll":1,"minecraft:oak_sapling":7,"iceandfire:raw_silver":2,"minecraft:black_wool":2,"minecraft:mutton":6,"minecraft:coal":82,"minecraft:cod":1,"alexsmobs:flying_fish":6,"minecraft:white_wool":2,"minecraft:cobblestone":88,"minecraft:ender_pearl":1},"minecraft:crafted":{"minecraft:oak_planks":68,"scalinghealth:heart_dust":24,"minecraft:cooked_porkchop":1,"minecraft:crafting_table":2,"minecraft:cooked_chicken":1,"minecraft:furnace":1,"scalinghealth:heart_crystal":1,"minecraft:air":0,"minecraft:cooked_mutton":6,"minecraft:oak_boat":1,"minecraft:white_wool":1,"minecraft:bow":1,"minecraft:wooden_hoe":1,"minecraft:stick":8,"quark:oak_chest":1,"minecraft:stone_pickaxe":2,"minecraft:chest":1,"minecraft:torch":16},"minecraft:killed_by":{"man:managgresive":1,"minecraft:player":1,"minecraft:skeleton":1,"minecraft:zombie":1,"irons_spellbooks:summoned_zombie":1},"minecraft:custom":{"minecraft:interact_with_furnace":12,"lootr:looted_stat":1,"minecraft:mob_kills":94,"minecraft:interact_with_crafting_table":26,"minecraft:damage_dealt_resisted":77,"minecraft:leave_game":9,"minecraft:time_since_death":9641,"minecraft:sleep_in_bed":2,"minecraft:time_since_rest":6136,"minecraft:sprint_one_cm":214976,"minecraft:damage_taken":4142,"minecraft:walk_one_cm":319862,"minecraft:drop":22,"minecraft:damage_dealt":14068,"minecraft:swim_one_cm":43529,"minecraft:fly_one_cm":347464,"minecraft:player_kills":1,"minecraft:open_chest":10,"minecraft:play_time":117398,"minecraft:crouch_one_cm":1103,"tombstone:undead_killed":45,"minecraft:deaths":6,"minecraft:sneak_time":812,"minecraft:walk_under_water_one_cm":16311,"minecraft:boat_one_cm":52154,"minecraft:jump":1999,"minecraft:walk_on_water_one_cm":18277,"minecraft:fall_one_cm":44305,"minecraft:total_world_time":117398}},"DataVersion":3465}