{"stats":{"minecraft:used":{"iceandfire:lectern":1,"minecraft:stone_sword":15,"twilightforest:glass_sword":196,"minecraft:chest":6,"minecraft:stone_hoe":78,"weaponmaster:workstation":5,"minecraft:cooked_chicken":3,"minecraft:rotten_flesh":22,"minecraft:torch":144,"minecraft:dirt":13,"scalinghealth:heart_crystal":9,"scalinghealth:power_crystal":1,"alexscaves:spelunkery_table":2,"minecraft:furnace":7,"tombstone:gift":3,"minecraft:potato":22,"minecraft:wheat_seeds":5,"minecraft:cooked_mutton":6,"minecraft:water_bucket":2,"minecraft:diorite":1,"weaponmaster:wm_rapierlarge":13,"minecraft:oak_planks":15,"minecraft:stone_pickaxe":269,"minecraft:wooden_pickaxe":44,"minecraft:crafting_table":9,"minecraft:white_bed":2,"minecraft:spruce_log":2,"iceandfire:silver_pickaxe":419,"minecraft:mud":1,"minecraft:wooden_hoe":55,"minecraft:apple":1,"minecraft:bread":23,"tombstone:grave_key":1,"minecraft:spruce_sapling":2,"biomesoplenty:glowing_moss_carpet":2,"minecraft:lilac":1,"minecraft:chiseled_stone_bricks":1,"minecraft:stone_axe":55,"minecraft:cobblestone":16,"minecraft:cooked_porkchop":2,"minecraft:bucket":3,"minecraft:andesite":1,"minecraft:oak_boat":7},"minecraft:killed":{"minecraft:cave_spider":3,"minecraft:witch":2,"minecraft:spider":16,"minecraft:cod":1,"minecraft:skeleton":44,"iceandfire:siren":1,"minecraft:chicken":4,"minecraft:silverfish":1,"minecraft:drowned":11,"cataclysm:lionfish":1,"alexsmobs:flying_fish":8,"cataclysm:deepling_angler":1,"minecraft:pig":4,"minecraft:salmon":1,"minecraft:creeper":25,"minecraft:sheep":4,"cataclysm:deepling_brute":2,"minecraft:zombie":44,"iceandfire:ghost":2,"cave_dweller:cave_dweller":2,"minecraft:enderman":5},"minecraft:broken":{"minecraft:wooden_pickaxe":1,"minecraft:stone_pickaxe":2},"minecraft:dropped":{"iceandfire:raw_silver":2,"ars_nouveau:ritual_wilden_summon":2,"minecraft:wheat_seeds":2,"minecraft:copper_ingot":1,"minecraft:grass_block":1,"minecraft:cod":1,"irons_spellbooks:scroll":1,"minecraft:dirt":38,"minecraft:wooden_hoe":1,"minecraft:sand":14,"minecraft:stone_axe":1,"minecraft:cooked_chicken":1,"minecraft:stone_sword":1,"minecraft:salmon":1,"evilcraft:flesh_humanoid":1,"weaponmaster:weaponkit":2,"minecraft:oak_sapling":6,"minecraft:spider_eye":1,"sophisticatedbackpacks:copper_backpack":1},"minecraft:mined":{"biomesoplenty:glowing_moss_block":1,"alexscaves:spelunkery_table":2,"minecraft:white_bed":1,"iceandfire:silver_ore":10,"minecraft:deepslate_diamond_ore":3,"minecraft:mossy_stone_brick_slab":1,"minecraft:sculk_vein":6,"minecraft:glow_lichen":1,"minecraft:granite":2,"biomesoplenty:bush":1,"minecraft:grass_block":14,"iceandfire:dragon_ice":5,"minecraft:kelp":4,"minecraft:sandstone":3,"minecraft:tall_seagrass":3,"minecraft:sculk_catalyst":7,"minecraft:furnace":6,"minecraft:iron_ore":97,"minecraft:andesite":2,"evilcraft:dark_ore":10,"minecraft:deepslate_lapis_ore":1,"minecraft:azure_bluet":5,"minecraft:sculk_shrieker":1,"minecraft:dirt_path":6,"minecraft:deepslate_iron_ore":3,"minecraft:stripped_oak_log":2,"weaponmaster:workstation":3,"minecraft:stone":177,"minecraft:deepslate_redstone_ore":9,"minecraft:kelp_plant":5,"biomesoplenty:glowworm_silk":1,"minecraft:dandelion":12,"minecraft:crafting_table":4,"minecraft:torch":2,"minecraft:emerald_ore":1,"minecraft:chest":1,"minecraft:sculk_sensor":35,"minecraft:copper_ore":10,"minecraft:tall_grass":2,"minecraft:cobblestone":7,"minecraft:deepslate_gold_ore":4,"minecraft:lapis_ore":6,"minecraft:oak_planks":1,"minecraft:sculk":6,"minecraft:diorite":1,"minecraft:wall_torch":2,"minecraft:seagrass":1,"minecraft:mud":1,"forbidden_arcanus:xpetrified_ore":5,"evilcraft:dark_ore_deepslate":1,"minecraft:lilac":1,"minecraft:spruce_log":2,"biomesoplenty:maple_leaves":1,"iceandfire:silver_pile":47,"minecraft:grass":61,"minecraft:oak_log":38,"minecraft:coal_ore":342,"minecraft:sand":14,"minecraft:dirt":23,"minecraft:netherrack":9,"minecraft:gold_ore":1,"minecraft:oak_leaves":27,"minecraft:deepslate":8,"minecraft:infested_stone":1},"minecraft:picked_up":{"irons_spellbooks:scroll":1,"minecraft:mud":1,"minecraft:crafting_table":4,"minecraft:wheat":26,"minecraft:azure_bluet":5,"minecraft:chicken":4,"minecraft:suspicious_stew":2,"minecraft:lead":1,"forbidden_arcanus:xpetrified_orb":5,"minecraft:string":20,"evilcraft:ender_tear":1,"minecraft:raw_copper":40,"minecraft:zombie_head":1,"minecraft:cobbled_deepslate":8,"minecraft:oak_boat":5,"minecraft:chest":1,"minecraft:furnace":5,"minecraft:egg":2,"minecraft:stick":5,"minecraft:raw_iron":113,"minecraft:sandstone":3,"minecraft:copper_ingot":3,"minecraft:torch":10,"sophisticatedbackpacks:backpack":1,"minecraft:porkchop":4,"tombstone:grave_dust":15,"minecraft:diorite":1,"minecraft:trident":2,"ars_nouveau:ritual_wilden_summon":2,"minecraft:redstone":41,"minecraft:prismarine_crystals":4,"minecraft:tnt":2,"minecraft:rotten_flesh":68,"minecraft:arrow":36,"alexscaves:spelunkery_table":2,"sophisticatedbackpacks:copper_backpack":1,"minecraft:mutton":6,"minecraft:skeleton_skull":1,"minecraft:cod":1,"alexsmobs:flying_fish":7,"minecraft:white_wool":2,"minecraft:cobblestone":160,"minecraft:stripped_oak_log":2,"minecraft:feather":4,"minecraft:lilac":1,"minecraft:andesite":1,"minecraft:salmon":1,"minecraft:potato":13,"minecraft:oak_log":38,"scalinghealth:bandages":5,"minecraft:gunpowder":18,"scalinghealth:heart_crystal":8,"minecraft:lapis_lazuli":33,"minecraft:dirt":171,"tombstone:gift":1,"biomesoplenty:glowing_moss_carpet":2,"minecraft:bone":43,"minecraft:apple":1,"minecraft:kelp":12,"minecraft:bow":5,"minecraft:wheat_seeds":10,"minecraft:raw_gold":5,"minecraft:cooked_chicken":2,"minecraft:cobweb":8,"scalinghealth:power_crystal_shard":11,"tombstone:bag_of_seeds":1,"minecraft:oak_planks":83,"scalinghealth:heart_crystal_shard":18,"minecraft:dandelion":12,"iceandfire:shiny_scales":4,"minecraft:sand":14,"minecraft:spruce_sapling":3,"minecraft:spruce_log":5,"minecraft:white_bed":1,"minecraft:grass_block":1,"biomesoplenty:glowing_moss_block":2,"minecraft:spider_eye":7,"minecraft:bundle":5,"cataclysm:lionfish":1,"forbidden_arcanus:ender_pearl_fragment":5,"biomesoplenty:maple_sapling":1,"minecraft:diamond":3,"weaponmaster:workstation":3,"minecraft:stone_axe":1,"iceandfire:dragon_ice":5,"evilcraft:dark_gem":50,"minecraft:granite":1,"minecraft:bone_meal":1,"minecraft:bread":12,"minecraft:emerald":1,"iceandfire:silver_nugget":528,"tombstone:magic_scroll":1,"minecraft:oak_sapling":7,"minecraft:netherrack":9,"minecraft:black_wool":2,"minecraft:coal":447,"iceandfire:raw_silver":11,"minecraft:ender_pearl":1},"minecraft:crafted":{"minecraft:oak_planks":156,"minecraft:cooked_chicken":1,"minecraft:furnace":1,"iceandfire:lectern":1,"sophisticatedbackpacks:crafting_upgrade":1,"minecraft:cooked_mutton":6,"iceandfire:armor_silver_metal_chestplate":1,"minecraft:bow":1,"minecraft:leather":1,"iceandfire:armor_silver_metal_leggings":1,"minecraft:stone_pickaxe":2,"minecraft:chest":4,"iceandfire:armor_silver_metal_boots":1,"scalinghealth:power_crystal":1,"scalinghealth:heart_dust":24,"iceandfire:silver_ingot":3,"minecraft:cooked_porkchop":1,"minecraft:crafting_table":3,"minecraft:spruce_planks":12,"minecraft:copper_ingot":25,"scalinghealth:heart_crystal":2,"minecraft:bread":10,"minecraft:air":0,"minecraft:oak_boat":1,"iceandfire:armor_silver_metal_helmet":1,"iceandfire:bestiary":1,"minecraft:white_wool":1,"minecraft:wooden_hoe":2,"minecraft:stick":28,"quark:oak_chest":5,"minecraft:iron_ingot":2,"minecraft:torch":88,"iceandfire:silver_pickaxe":1},"minecraft:killed_by":{"minecraft:player":1,"cataclysm:deepling_angler":1,"irons_spellbooks:summoned_zombie":1,"minecraft:drowned":1,"iceandfire:sea_serpent":3,"man:managgresive":1,"minecraft:skeleton":1,"minecraft:zombie":1},"minecraft:custom":{"lootr:looted_stat":13,"minecraft:mob_kills":184,"minecraft:interact_with_crafting_table":46,"minecraft:damage_dealt_resisted":77,"minecraft:leave_game":19,"minecraft:time_since_death":109912,"minecraft:sprint_one_cm":374474,"minecraft:walk_one_cm":604533,"minecraft:drop":26,"minecraft:play_time":260362,"minecraft:sneak_time":9858,"minecraft:deaths":11,"minecraft:walk_under_water_one_cm":113562,"minecraft:boat_one_cm":378320,"minecraft:jump":3545,"minecraft:walk_on_water_one_cm":58001,"minecraft:total_world_time":260362,"minecraft:interact_with_furnace":27,"tombstone:raider_killed":2,"minecraft:interact_with_loom":10,"minecraft:sleep_in_bed":2,"minecraft:time_since_rest":108407,"minecraft:damage_taken":8248,"minecraft:damage_dealt":37490,"minecraft:swim_one_cm":150732,"minecraft:fly_one_cm":736111,"minecraft:player_kills":1,"minecraft:open_chest":112,"minecraft:crouch_one_cm":27280,"tombstone:undead_killed":101,"minecraft:fall_one_cm":83694}},"DataVersion":3465}