{"stats":{"minecraft:used":{"iceandfire:lectern":1,"minecraft:chest":8,"minecraft:stone":1,"minecraft:rotten_flesh":60,"minecraft:azure_bluet":3,"minecraft:obsidian":17,"minecraft:grass_block":1,"ironfurnaces:iron_furnace":1,"minecraft:furnace":9,"minecraft:oak_sapling":1,"minecraft:beetroot_seeds":2,"minecraft:potato":54,"minecraft:diorite":1,"minecraft:torchflower":1,"minecraft:stone_pickaxe":269,"weaponmaster:wm_rapierlarge":59,"toms_storage:ts.inventory_connector":1,"minecraft:oak_planks":15,"minecraft:wooden_pickaxe":44,"alexscaves:cave_book":1,"iceandfire:silver_pickaxe":462,"waystones:waystone":1,"minecraft:bread":72,"tombstone:grave_key":1,"biomesoplenty:glowing_moss_carpet":2,"minecraft:lilac":1,"minecraft:torchflower_seeds":3,"minecraft:andesite":1,"minecraft:oak_boat":7,"ironfurnaces:gold_furnace":2,"minecraft:stone_sword":15,"minecraft:flint_and_steel":1,"twilightforest:glass_sword":291,"weaponmaster:workstation":13,"minecraft:stone_hoe":78,"minecraft:cooked_chicken":3,"minecraft:netherrack":5,"minecraft:torch":182,"minecraft:dirt":660,"scalinghealth:heart_crystal":14,"toms_storage:ts.crafting_terminal":1,"scalinghealth:power_crystal":1,"minecraft:barrel":22,"alexscaves:spelunkery_table":2,"scalinghealth:bandages":2,"tombstone:gift":5,"minecraft:cooked_beef":2,"biomesoplenty:burning_blossom":1,"minecraft:wheat_seeds":28,"minecraft:cooked_mutton":6,"minecraft:water_bucket":63,"minecraft:cracked_stone_bricks":5,"minecraft:crafting_table":9,"minecraft:white_bed":2,"minecraft:spruce_log":4,"tombstone:bag_of_seeds":2,"minecraft:mud":1,"minecraft:wooden_hoe":55,"minecraft:apple":1,"minecraft:iron_pickaxe":143,"minecraft:spruce_sapling":5,"minecraft:stone_axe":158,"scalinghealth:medkit":1,"minecraft:chiseled_stone_bricks":1,"iceandfire:silver_hoe":58,"minecraft:cobblestone":29,"minecraft:cooked_porkchop":2,"minecraft:bucket":64,"iceandfire:silver_shovel":742,"minecraft:dandelion":5,"ars_nouveau:scribes_table":2},"minecraft:killed":{"minecraft:cave_spider":3,"minecraft:witch":2,"minecraft:spider":31,"minecraft:cod":1,"minecraft:skeleton":67,"minecraft:chicken":5,"minecraft:silverfish":1,"irons_spellbooks:archevoker":1,"minecraft:pig":4,"minecraft:salmon":1,"minecraft:creeper":34,"minecraft:sheep":11,"minecraft:pillager":5,"cataclysm:deepling_brute":2,"minecraft:zombie":91,"cave_dweller:cave_dweller":2,"minecraft:cow":3,"minecraft:vex":2,"minecraft:phantom":7,"iceandfire:fire_dragon":1,"iceandfire:siren":1,"alexsmobs:bison":7,"minecraft:drowned":11,"cataclysm:lionfish":1,"alexsmobs:flying_fish":8,"cataclysm:deepling_angler":1,"alexsmobs:crocodile":1,"iceandfire:ghost":4,"minecraft:enderman":6},"minecraft:broken":{"iceandfire:silver_pickaxe":1,"minecraft:stone_pickaxe":2,"minecraft:stone_axe":1,"iceandfire:armor_silver_metal_boots":1,"iceandfire:silver_shovel":1,"minecraft:wooden_pickaxe":1,"iceandfire:armor_silver_metal_helmet":1},"minecraft:mined":{"minecraft:white_bed":1,"minecraft:mossy_stone_brick_slab":1,"minecraft:sculk_vein":10,"biomesoplenty:burning_blossom":4,"minecraft:granite":2,"minecraft:grass_block":410,"minecraft:spawner":1,"minecraft:tall_seagrass":3,"minecraft:glowstone":7,"minecraft:sculk_catalyst":11,"ironfurnaces:gold_furnace":1,"minecraft:fire":8,"minecraft:iron_ore":107,"minecraft:barrel":2,"minecraft:deepslate_lapis_ore":1,"minecraft:azure_bluet":40,"minecraft:sculk_shrieker":2,"iceandfire:gold_pile":2,"minecraft:dirt_path":6,"weaponmaster:workstation":10,"minecraft:deepslate_redstone_ore":25,"minecraft:kelp_plant":5,"biomesoplenty:glowworm_silk":1,"minecraft:soul_fire":7,"ironfurnaces:iron_furnace":1,"minecraft:torch":7,"minecraft:chest":3,"minecraft:nether_quartz_ore":33,"minecraft:cobblestone":10,"ars_nouveau:scribes_table":1,"minecraft:oak_planks":1,"minecraft:wall_torch":4,"minecraft:seagrass":1,"minecraft:mud":1,"evilcraft:dark_ore_deepslate":1,"minecraft:wheat":1,"minecraft:lilac":2,"biomesoplenty:maple_leaves":1,"minecraft:grass":225,"minecraft:oak_log":89,"minecraft:smooth_quartz":6,"minecraft:sand":15,"minecraft:dirt":395,"minecraft:netherrack":32,"minecraft:oak_leaves":56,"minecraft:deepslate":9,"minecraft:emerald_block":1,"biomesoplenty:glowing_moss_block":1,"alexscaves:spelunkery_table":2,"iceandfire:silver_ore":12,"minecraft:deepslate_diamond_ore":3,"minecraft:glow_lichen":1,"biomesoplenty:bush":5,"minecraft:spruce_leaves":36,"iceandfire:dragon_ice":5,"biomesoplenty:dead_grass":1,"minecraft:kelp":4,"minecraft:sandstone":3,"forbidden_arcanus:deepslate_arcane_crystal_ore":1,"minecraft:furnace":7,"minecraft:andesite":2,"minecraft:stripped_spruce_log":1,"evilcraft:dark_ore":10,"minecraft:deepslate_iron_ore":6,"minecraft:stripped_oak_log":2,"biomesoplenty:barley":21,"minecraft:stone":260,"minecraft:dandelion":48,"minecraft:crafting_table":4,"minecraft:emerald_ore":1,"minecraft:sculk_sensor":51,"minecraft:tall_grass":31,"minecraft:copper_ore":10,"biomesoplenty:sprout":4,"minecraft:lapis_ore":14,"minecraft:deepslate_gold_ore":14,"minecraft:sculk":8,"minecraft:diorite":1,"ars_nouveau:blue_archwood_log":6,"forbidden_arcanus:xpetrified_ore":5,"minecraft:torchflower":1,"minecraft:spruce_log":36,"minecraft:birch_leaves":2,"minecraft:coal_ore":343,"iceandfire:silver_pile":47,"minecraft:cobweb":5,"minecraft:cracked_stone_bricks":5,"minecraft:gold_ore":1,"minecraft:infested_stone":1,"minecraft:fern":2},"minecraft:dropped":{"iceandfire:raw_silver":4,"ars_nouveau:ritual_wilden_summon":2,"ars_nouveau:novice_spell_book":1,"minecraft:diamond":6,"minecraft:ender_pearl":1,"minecraft:cod":1,"minecraft:emerald":3,"minecraft:dirt":39,"forbidden_arcanus:rune":4,"minecraft:sand":14,"minecraft:bone":2,"minecraft:stone_axe":2,"minecraft:cobbled_deepslate":2,"minecraft:cooked_chicken":1,"minecraft:rotten_flesh":6,"iceandfire:silver_shovel":1,"evilcraft:flesh_humanoid":1,"minecraft:salmon":1,"weaponmaster:weaponkit":2,"forbidden_arcanus:arcane_crystal":2,"minecraft:arrow":6,"minecraft:water_bucket":1,"minecraft:wheat_seeds":2,"minecraft:copper_ingot":1,"minecraft:grass_block":1,"irons_spellbooks:scroll":1,"minecraft:wooden_hoe":1,"tombstone:grave_dust":2,"minecraft:redstone":114,"minecraft:stone_sword":1,"minecraft:raw_iron":33,"minecraft:diamond_pickaxe":1,"minecraft:oak_sapling":6,"minecraft:spider_eye":1,"minecraft:spruce_log":22,"sophisticatedbackpacks:copper_backpack":1,"minecraft:raw_gold":21},"minecraft:picked_up":{"irons_spellbooks:scroll":3,"ars_nouveau:caster_tome":1,"biomesoplenty:burning_blossom":2,"minecraft:iron_chestplate":1,"minecraft:wheat":47,"minecraft:suspicious_stew":2,"iceandfire:armor_copper_metal_chestplate":1,"weaponmaster:wm_rapierlarge":1,"minecraft:lead":1,"alexscaves:cave_tablet":5,"minecraft:enchanted_book":1,"biomesoplenty:violet":2,"minecraft:potion":1,"minecraft:stone_brick_stairs":1,"minecraft:brewing_stand":2,"forbidden_arcanus:xpetrified_orb":10,"minecraft:string":54,"evilcraft:ender_tear":1,"minecraft:raw_copper":52,"minecraft:iron_leggings":1,"minecraft:zombie_head":2,"minecraft:beetroot":1,"irons_spellbooks:arcane_essence":3,"minecraft:gold_nugget":52,"minecraft:cobbled_deepslate":18,"minecraft:bucket":2,"minecraft:spruce_planks":4,"minecraft:smooth_quartz":6,"minecraft:furnace":6,"minecraft:stick":44,"iceandfire:armor_copper_metal_leggings":1,"minecraft:torch":27,"minecraft:porkchop":6,"minecraft:diorite":1,"tombstone:grave_dust":30,"minecraft:golden_chestplate":2,"minecraft:goat_horn":1,"minecraft:rotten_flesh":165,"ars_nouveau:worn_notebook":1,"iceandfire:fire_dragon_heart":2,"ars_nouveau:sourceberry_bush":6,"minecraft:obsidian":26,"minecraft:cod":1,"alexsmobs:flying_fish":7,"minecraft:cobblestone":272,"minecraft:leather_chestplate":2,"minecraft:feather":10,"minecraft:lilac":1,"minecraft:andesite":1,"minecraft:golden_leggings":2,"alexsmobs:bison_fur":12,"minecraft:potato":33,"minecraft:flint":1,"evilcraft:flesh_humanoid":3,"ars_nouveau:glyph_amplify":1,"ars_nouveau:scribes_table":1,"minecraft:lapis_lazuli":151,"iceandfire:dragonscales_bronze":34,"minecraft:dirt":1045,"minecraft:bone":91,"minecraft:bow":10,"minecraft:wheat_seeds":75,"minecraft:raw_gold":29,"forbidden_arcanus:rune":8,"minecraft:glowstone_dust":16,"ironfurnaces:iron_furnace":1,"minecraft:stone_hoe":1,"minecraft:oak_planks":87,"iceandfire:dragon_skull_fire":2,"iceandfire:shiny_scales":9,"minecraft:sand":15,"minecraft:stripped_spruce_log":1,"iceandfire:stymphalian_bird_feather":12,"minecraft:grass_block":2,"minecraft:barrel":2,"forbidden_arcanus:ender_pearl_fragment":5,"cataclysm:lionfish":1,"minecraft:bundle":6,"weaponmaster:workstation":9,"minecraft:diamond":14,"waystones:waystone":1,"iceandfire:dragon_ice":10,"minecraft:crossbow":2,"minecraft:granite":2,"minecraft:bone_meal":16,"minecraft:bread":26,"minecraft:emerald":28,"alexsmobs:maggot":2,"minecraft:oak_sapling":9,"minecraft:netherrack":26,"iceandfire:silver_nugget":534,"iceandfire:raw_silver":27,"minecraft:mud":1,"minecraft:charcoal":1,"minecraft:crafting_table":4,"minecraft:azure_bluet":47,"minecraft:chicken":5,"minecraft:leather_leggings":1,"minecraft:packed_ice":5,"minecraft:chain":8,"ars_nouveau:archwood_slab":3,"ars_nouveau:archwood_planks":13,"minecraft:iron_axe":1,"minecraft:flint_and_steel":1,"minecraft:iron_shovel":2,"iceandfire:graveyard_soil":3,"minecraft:cracked_stone_bricks":5,"ars_nouveau:starbuncle_shards":2,"minecraft:beef":78,"minecraft:oak_boat":5,"irons_spellbooks:epic_ink":1,"minecraft:iron_nugget":1,"minecraft:poppy":5,"minecraft:chest":6,"minecraft:sugar_cane":8,"minecraft:phantom_membrane":6,"minecraft:egg":2,"minecraft:raw_iron":180,"minecraft:sandstone":3,"iceandfire:dragonbone":12,"minecraft:copper_ingot":8,"sophisticatedbackpacks:backpack":1,"ars_nouveau:blue_archwood_log":6,"iceandfire:armor_copper_metal_boots":1,"minecraft:trident":2,"ars_nouveau:ritual_wilden_summon":2,"minecraft:redstone":281,"minecraft:prismarine_crystals":8,"minecraft:tnt":4,"irons_spellbooks:evocation_rune":1,"minecraft:arrow":81,"minecraft:beetroot_seeds":1,"ironfurnaces:gold_furnace":1,"alexscaves:spelunkery_table":2,"minecraft:gold_ingot":9,"tombstone:essence_of_undeath":2,"sophisticatedbackpacks:copper_backpack":1,"minecraft:mutton":15,"minecraft:skeleton_skull":3,"minecraft:white_wool":8,"minecraft:stripped_oak_log":2,"minecraft:glow_ink_sac":13,"minecraft:salmon":1,"minecraft:leather":5,"forbidden_arcanus:zombie_arm":1,"iceandfire:silver_shovel":1,"minecraft:torchflower":1,"minecraft:filled_map":1,"minecraft:oak_log":89,"scalinghealth:bandages":22,"iceandfire:ectoplasm":2,"minecraft:golden_boots":2,"iceandfire:armor_copper_metal_helmet":1,"minecraft:gunpowder":32,"scalinghealth:heart_crystal":14,"minecraft:wooden_hoe":1,"minecraft:paper":6,"tombstone:gift":1,"scalinghealth:medkit":1,"biomesoplenty:glowing_moss_carpet":2,"irons_spellbooks:rare_ink":1,"forbidden_arcanus:arcane_crystal_dust_speck":2,"minecraft:apple":4,"minecraft:kelp":12,"minecraft:iron_ingot":33,"minecraft:cooked_chicken":2,"minecraft:cobweb":19,"scalinghealth:power_crystal_shard":13,"tombstone:bag_of_seeds":2,"iceandfire:fire_dragon_flesh":8,"minecraft:book":15,"minecraft:oak_slab":2,"scalinghealth:heart_crystal_shard":25,"minecraft:emerald_block":1,"forbidden_arcanus:golden_orchid_seeds":2,"minecraft:quartz":29,"minecraft:dandelion":68,"minecraft:gravel":8,"minecraft:spruce_sapling":7,"minecraft:white_bed":2,"minecraft:spruce_log":59,"biomesoplenty:glowing_moss_block":4,"minecraft:spider_eye":17,"minecraft:leather_helmet":1,"forbidden_arcanus:arcane_crystal":2,"biomesoplenty:maple_sapling":2,"minecraft:stone_axe":2,"iceandfire:silver_sword":1,"minecraft:iron_helmet":1,"evilcraft:dark_gem":50,"minecraft:gray_wool":1,"tombstone:magic_scroll":5,"minecraft:black_wool":2,"minecraft:coal":638,"minecraft:ender_pearl":1},"minecraft:crafted":{"minecraft:oak_planks":395,"minecraft:barrel":20,"ars_nouveau:archwood_planks":16,"minecraft:cooked_chicken":1,"iceandfire:lectern":1,"minecraft:stone":12,"sophisticatedbackpacks:crafting_upgrade":1,"minecraft:bookshelf":1,"minecraft:cooked_mutton":6,"minecraft:glass":1,"iceandfire:armor_silver_metal_chestplate":2,"minecraft:bow":1,"iceandfire:armor_silver_metal_leggings":2,"minecraft:chest":6,"scalinghealth:power_crystal":1,"minecraft:oak_slab":132,"minecraft:cooked_porkchop":1,"minecraft:crafting_table":7,"minecraft:spruce_planks":16,"minecraft:copper_ingot":25,"minecraft:lectern":1,"minecraft:wooden_hoe":2,"minecraft:book":3,"minecraft:stick":96,"quark:oak_chest":7,"minecraft:iron_ingot":97,"minecraft:iron_pickaxe":1,"minecraft:iron_block":3,"minecraft:gold_ingot":6,"iceandfire:armor_bronze_helmet":1,"minecraft:furnace":1,"minecraft:leather":3,"minecraft:iron_axe":1,"minecraft:stone_pickaxe":2,"iceandfire:armor_silver_metal_boots":2,"minecraft:cooked_beef":3,"scalinghealth:heart_dust":24,"iceandfire:silver_ingot":3,"iceandfire:armor_bronze_boots":1,"minecraft:iron_sword":1,"scalinghealth:heart_crystal":2,"minecraft:glowstone":1,"minecraft:bread":10,"minecraft:air":0,"minecraft:oak_boat":1,"iceandfire:armor_silver_metal_helmet":2,"iceandfire:bestiary":1,"minecraft:white_wool":1,"minecraft:gold_nugget":9,"minecraft:iron_shovel":1,"minecraft:torch":88,"iceandfire:silver_pickaxe":1},"minecraft:killed_by":{"cataclysm:deepling_angler":1,"irons_spellbooks:summoned_zombie":1,"minecraft:drowned":1,"iceandfire:sea_serpent":3,"man:managgresive":3,"minecraft:zombie":1,"iceandfire:fire_dragon":1,"minecraft:vex":2,"minecraft:player":2,"alexsmobs:bison":1,"minecraft:skeleton":1},"minecraft:custom":{"lootr:looted_stat":40,"minecraft:interact_with_crafting_table":74,"minecraft:open_barrel":109,"minecraft:leave_game":20,"minecraft:time_since_death":34550,"minecraft:damage_resisted":19,"minecraft:sprint_one_cm":778466,"minecraft:drop":60,"minecraft:talked_to_villager":1,"minecraft:play_time":511070,"minecraft:deaths":19,"minecraft:jump":6901,"minecraft:walk_on_water_one_cm":70573,"minecraft:interact_with_furnace":67,"minecraft:interact_with_loom":15,"minecraft:sleep_in_bed":4,"minecraft:waystone_activated":2,"minecraft:damage_dealt":49998,"minecraft:player_kills":1,"minecraft:crouch_one_cm":37560,"tombstone:undead_killed":180,"minecraft:mob_kills":317,"minecraft:damage_dealt_resisted":596,"minecraft:climb_one_cm":5206,"minecraft:walk_one_cm":1318548,"minecraft:damage_dealt_absorbed":63,"minecraft:sneak_time":14959,"minecraft:walk_under_water_one_cm":131461,"minecraft:boat_one_cm":378320,"minecraft:total_world_time":511070,"tombstone:raider_killed":14,"minecraft:time_since_rest":15092,"minecraft:damage_taken":64593,"minecraft:damage_absorbed":26,"minecraft:trigger_trapped_chest":1,"minecraft:swim_one_cm":164472,"minecraft:fly_one_cm":1377019,"minecraft:open_chest":295,"minecraft:fall_one_cm":177958}},"DataVersion":3465}