{"stats":{"minecraft:custom":{"minecraft:time_since_rest":7715,"minecraft:sprint_one_cm":8698,"minecraft:play_time":7715,"minecraft:walk_one_cm":13421,"minecraft:sneak_time":14,"minecraft:walk_under_water_one_cm":1086,"minecraft:mob_kills":1,"minecraft:jump":63,"minecraft:damage_dealt":200,"minecraft:leave_game":5,"minecraft:time_since_death":7715,"minecraft:walk_on_water_one_cm":422,"minecraft:total_world_time":7715,"minecraft:swim_one_cm":746,"minecraft:fall_one_cm":2926,"minecraft:fly_one_cm":14088},"minecraft:killed":{"minecraft:sheep":1},"minecraft:used":{"minecraft:dirt":16,"minecraft:sand":1},"minecraft:mined":{"minecraft:grass":3,"minecraft:grass_block":1,"minecraft:sand":1},"minecraft:picked_up":{"minecraft:wheat_seeds":3,"minecraft:sand":1,"minecraft:mutton":2,"minecraft:white_wool":1,"minecraft:dirt":16}},"DataVersion":3465}