{
  "iceandfire:iceandfire/root": {
    "criteria": {
      "tick": "2024-05-22 03:12:58 +0000"
    },
    "done": true
  },
  "explorerscompass:explorers_compass_cracked_stone_bricks": {
    "criteria": {
      "has_recipe": "2024-05-22 03:12:58 +0000"
    },
    "done": true
  },
  "toms_storage:unlock_glowstone": {
    "criteria": {
      "inv_changed-glowstone": "2024-05-22 03:12:58 +0000"
    },
    "done": true
  },
  "weaponmaster:parts/root": {
    "criteria": {
      "crafting_table": "2024-05-22 03:12:58 +0000"
    },
    "done": true
  },
  "ars_nouveau:root": {
    "criteria": {
      "ars_nouveau:worn_notebook": "2024-05-22 03:12:58 +0000"
    },
    "done": true
  },
  "naturescompass:natures_compass_log": {
    "criteria": {
      "has_recipe": "2024-05-22 03:12:58 +0000"
    },
    "done": true
  },
  "toms_storage:unlock_dia_pearl": {
    "criteria": {
      "inv_changed-ender_pearl": "2024-05-22 03:12:58 +0000",
      "inv_changed-diamond": "2024-05-22 03:12:58 +0000"
    },
    "done": true
  },
  "ironfurnaces:coal": {
    "criteria": {
      "rainbowcoal": "2024-05-22 03:12:58 +0000"
    },
    "done": true
  },
  "naturescompass:natures_compass": {
    "criteria": {
      "has_recipe": "2024-05-22 03:12:58 +0000"
    },
    "done": true
  },
  "naturescompass:natures_compass_sapling": {
    "criteria": {
      "has_recipe": "2024-05-22 03:12:58 +0000"
    },
    "done": true
  },
  "mca:recipes/building_blocks/headstones": {
    "criteria": {
      "has_the_slanted_recipe": "2024-05-22 03:12:58 +0000"
    },
    "done": true
  },
  "toms_storage:unlock_netherite": {
    "criteria": {
      "inv_changed-netherite": "2024-05-22 03:12:58 +0000"
    },
    "done": true
  },
  "betterdungeons:root": {
    "criteria": {
      "always": "2024-05-22 03:12:58 +0000"
    },
    "done": true
  },
  "lootr:root": {
    "criteria": {
      "always_true": "2024-05-22 03:12:58 +0000"
    },
    "done": true
  },
  "explorerscompass:explorers_compass_cobweb": {
    "criteria": {
      "has_recipe": "2024-05-22 03:12:58 +0000"
    },
    "done": true
  },
  "toms_storage:unlock_chest": {
    "criteria": {
      "inv_changed-chest": "2024-05-22 03:12:58 +0000"
    },
    "done": true
  },
  "cataclysm:root": {
    "criteria": {
      "custom_test_name": "2024-05-22 03:12:58 +0000"
    },
    "done": true
  },
  "irons_spellbooks:grant_patchouli": {
    "criteria": {
      "tick": "2024-05-22 03:12:58 +0000"
    },
    "done": true
  },
  "incendium:technical/new_player": {
    "criteria": {
      "requirement": "2024-05-22 03:12:58 +0000"
    },
    "done": true
  },
  "explorerscompass:explorers_compass": {
    "criteria": {
      "has_recipe": "2024-05-22 03:12:58 +0000"
    },
    "done": true
  },
  "incendium:technical/scroll_of_returning": {
    "criteria": {
      "log_spam_fixer": "2024-05-22 03:12:59 +0000"
    },
    "done": false
  },
  "incendium:technical/using/ragnarok": {
    "criteria": {
      "log_spam_fixer": "2024-05-22 03:12:59 +0000"
    },
    "done": false
  },
  "incendium:technical/using/trailblazer": {
    "criteria": {
      "log_spam_fixer": "2024-05-22 03:12:59 +0000"
    },
    "done": false
  },
  "minecraft:adventure/adventuring_time": {
    "criteria": {
      "minecraft:birch_forest": "2024-05-22 03:43:49 +0000",
      "minecraft:beach": "2024-05-22 03:12:59 +0000",
      "minecraft:sparse_jungle": "2024-05-24 04:40:31 +0000",
      "minecraft:river": "2024-05-22 03:21:24 +0000",
      "minecraft:stony_shore": "2024-05-23 03:42:20 +0000",
      "minecraft:snowy_taiga": "2024-05-22 03:22:29 +0000",
      "minecraft:cold_ocean": "2024-05-22 03:27:43 +0000",
      "minecraft:forest": "2024-05-22 03:22:26 +0000",
      "minecraft:deep_cold_ocean": "2024-05-22 03:27:56 +0000",
      "minecraft:ocean": "2024-05-22 03:45:14 +0000",
      "minecraft:snowy_beach": "2024-05-22 03:22:31 +0000",
      "minecraft:old_growth_birch_forest": "2024-05-23 03:59:51 +0000",
      "minecraft:meadow": "2024-05-23 03:44:05 +0000",
      "minecraft:plains": "2024-05-22 03:15:11 +0000"
    },
    "done": false
  },
  "incendium:technical/using/shield": {
    "criteria": {
      "log_spam_fixer": "2024-05-22 03:12:59 +0000"
    },
    "done": false
  },
  "tombstone:adventure/root": {
    "criteria": {
      "auto": "2024-05-22 03:12:59 +0000"
    },
    "done": true
  },
  "minecraft:adventure/root": {
    "criteria": {
      "killed_something": "2024-05-22 03:17:18 +0000"
    },
    "done": true
  },
  "minecraft:adventure/kill_all_mobs": {
    "criteria": {
      "minecraft:skeleton": "2024-05-24 04:58:19 +0000",
      "minecraft:spider": "2024-05-22 03:18:24 +0000",
      "minecraft:creeper": "2024-05-22 03:36:51 +0000",
      "minecraft:enderman": "2024-05-22 03:59:01 +0000",
      "minecraft:zombie": "2024-05-22 03:17:18 +0000",
      "minecraft:drowned": "2024-05-24 04:35:44 +0000"
    },
    "done": false
  },
  "minecraft:adventure/kill_a_mob": {
    "criteria": {
      "minecraft:zombie": "2024-05-22 03:17:18 +0000"
    },
    "done": true
  },
  "tombstone:adventure/first_grave": {
    "criteria": {
      "coded_trigger": "2024-05-22 03:21:31 +0000"
    },
    "done": true
  },
  "tombstone:recipes/from_grave_key": {
    "criteria": {
      "has_ingredient": "2024-05-22 03:21:33 +0000"
    },
    "done": true
  },
  "man:feelingwatched": {
    "criteria": {
      "feelingwatched": "2024-05-22 03:21:37 +0000"
    },
    "done": true
  },
  "tombstone:adventure/cancel_ghostly_shape": {
    "criteria": {
      "coded_trigger": "2024-05-22 03:21:48 +0000"
    },
    "done": true
  },
  "minecraft:story/upgrade_tools": {
    "criteria": {
      "stone_pickaxe": "2024-05-22 03:26:34 +0000"
    },
    "done": true
  },
  "aquamirae:adventure/root": {
    "criteria": {
      "crafting_table": "2024-05-22 03:27:09 +0000"
    },
    "done": true
  },
  "minecraft:story/root": {
    "criteria": {
      "crafting_table": "2024-05-22 03:27:09 +0000"
    },
    "done": true
  },
  "tombstone:recipes/from_grave_dust": {
    "criteria": {
      "has_ingredient": "2024-05-22 03:29:53 +0000"
    },
    "done": true
  },
  "biomesoplenty:biomesoplenty/root": {
    "criteria": {
      "dune_beach": "2024-05-22 03:31:25 +0000"
    },
    "done": true
  },
  "biomesoplenty:biomesoplenty/all_biomes": {
    "criteria": {
      "shrubland": "2024-05-22 03:31:36 +0000",
      "rocky_shrubland": "2024-05-22 03:46:54 +0000",
      "highland": "2024-05-23 03:43:27 +0000",
      "old_growth_woodland": "2024-05-24 04:44:18 +0000",
      "maple_woods": "2024-05-23 03:43:23 +0000",
      "dune_beach": "2024-05-22 03:31:25 +0000",
      "seasonal_forest": "2024-05-23 03:43:03 +0000",
      "grassland": "2024-05-22 03:43:40 +0000",
      "undergrowth": "2024-05-24 03:57:30 +0000",
      "rainforest": "2024-05-24 04:48:09 +0000"
    },
    "done": false
  },
  "mca:recipes/misc/family_tree": {
    "criteria": {
      "has_item": "2024-05-22 03:39:22 +0000"
    },
    "done": true
  },
  "minecraft:story/mine_stone": {
    "criteria": {
      "get_stone": "2024-05-22 03:40:40 +0000"
    },
    "done": true
  },
  "minecraft:husbandry/balanced_diet": {
    "criteria": {
      "cooked_porkchop": "2024-05-22 04:02:21 +0000",
      "baked_potato": "2024-05-24 04:28:48 +0000",
      "apple": "2024-05-24 03:54:00 +0000",
      "bread": "2024-05-23 03:45:11 +0000",
      "rotten_flesh": "2024-05-23 04:00:09 +0000",
      "cooked_chicken": "2024-05-22 03:49:02 +0000"
    },
    "done": false
  },
  "minecraft:husbandry/root": {
    "criteria": {
      "consumed_item": "2024-05-22 03:49:02 +0000"
    },
    "done": true
  },
  "minecraft:adventure/sleep_in_bed": {
    "criteria": {
      "slept_in_bed": "2024-05-22 04:01:13 +0000"
    },
    "done": true
  },
  "lootr:1chest": {
    "criteria": {
      "opened_chest": "2024-05-22 04:13:08 +0000"
    },
    "done": true
  },
  "lootr:social": {
    "criteria": {
      "opened_barrel": "2024-05-23 03:54:52 +0000",
      "opened_chest": "2024-05-22 04:13:08 +0000"
    },
    "done": false
  },
  "ars_nouveau:warp_scroll": {
    "criteria": {
      "has_warp_scroll": "2024-05-22 04:13:15 +0000"
    },
    "done": true
  },
  "mca:recipes/misc/needle_and_thread": {
    "criteria": {
      "has_item": "2024-05-22 04:15:35 +0000"
    },
    "done": true
  },
  "iceandfire:iceandfire/kill_ghost": {
    "criteria": {
      "killed_fire_dragon": "2024-05-23 03:44:42 +0000"
    },
    "done": true
  },
  "mca:root": {
    "criteria": {
      "village_plains": "2024-05-23 03:44:51 +0000"
    },
    "done": true
  },
  "irons_spellbooks:irons_spellbooks/ink_root": {
    "criteria": {
      "requirement": "2024-05-23 03:47:30 +0000"
    },
    "done": true
  },
  "lootr:1barrel": {
    "criteria": {
      "opened_barrel": "2024-05-23 03:54:52 +0000"
    },
    "done": true
  },
  "minecraft:nether/obtain_blaze_rod": {
    "criteria": {
      "blaze_rod": "2024-05-23 03:55:01 +0000"
    },
    "done": true
  },
  "quark:crawl_in_hollow_log": {
    "criteria": {
      "crawl_in_hollow_log": "2024-05-23 03:56:13 +0000"
    },
    "done": true
  },
  "incendium:technical/sentrys_wrath": {
    "criteria": {
      "log_spam_fixer": "2024-05-24 05:21:00 +0000"
    },
    "done": false
  },
  "incendium:technical/inventory/sentrys_wrath": {
    "criteria": {
      "log_spam_fixer": "2024-05-24 05:21:00 +0000"
    },
    "done": false
  },
  "incendium:technical/multiplex_crossbow": {
    "criteria": {
      "log_spam_fixer": "2024-05-24 05:21:00 +0000"
    },
    "done": false
  },
  "incendium:technical/feed_ghastling": {
    "criteria": {
      "log_spam_fixer": "2024-05-24 05:21:00 +0000"
    },
    "done": false
  },
  "incendium:technical/on_inventory_change": {
    "criteria": {
      "log_spam_fixer": "2024-05-24 05:21:00 +0000"
    },
    "done": false
  },
  "incendium:technical/on_player_hurt": {
    "criteria": {
      "log_spam_fixer": "2024-05-24 05:21:00 +0000"
    },
    "done": false
  },
  "incendium:technical/firestorm": {
    "criteria": {
      "log_spam_fixer": "2024-05-24 05:21:00 +0000"
    },
    "done": false
  },
  "incendium:technical/holy_wrath": {
    "criteria": {
      "log_spam_fixer": "2024-05-24 05:21:00 +0000"
    },
    "done": false
  },
  "incendium:technical/on_block": {
    "criteria": {
      "log_spam_fixer": "2024-05-24 05:21:00 +0000"
    },
    "done": false
  },
  "incendium:technical/inventory/firestorm": {
    "criteria": {
      "log_spam_fixer": "2024-05-24 05:21:00 +0000"
    },
    "done": false
  },
  "incendium:technical/give_ghastling": {
    "criteria": {
      "log_spam_fixer": "2024-05-24 05:21:00 +0000"
    },
    "done": false
  },
  "incendium:technical/on_kill": {
    "criteria": {
      "log_spam_fixer": "2024-05-24 05:21:00 +0000"
    },
    "done": false
  },
  "mca:recipes/misc/comb": {
    "criteria": {
      "has_item": "2024-05-24 05:19:56 +0000"
    },
    "done": true
  },
  "evilcraft:root": {
    "criteria": {
      "criteria_0": "2024-05-24 04:40:07 +0000"
    },
    "done": true
  },
  "incendium:root": {
    "criteria": {
      "requirement": "2024-05-24 03:57:22 +0000"
    },
    "done": true
  },
  "minecraft:nether/root": {
    "criteria": {
      "entered_nether": "2024-05-24 03:57:22 +0000"
    },
    "done": true
  },
  "iceandfire:iceandfire/bestiary": {
    "criteria": {
      "bestiary": "2024-05-24 04:32:54 +0000"
    },
    "done": true
  },
  "incendium:misc/root": {
    "criteria": {
      "incendium:quartz_flats": "2024-05-24 03:59:06 +0000"
    },
    "done": true
  },
  "minecraft:story/enter_the_nether": {
    "criteria": {
      "entered_nether": "2024-05-24 03:57:22 +0000"
    },
    "done": true
  },
  "incendium:quartz_flats/root": {
    "criteria": {
      "requirement": "2024-05-24 03:59:06 +0000"
    },
    "done": true
  },
  "mca:recipes/misc/rose_gold_dust": {
    "criteria": {
      "has_item": "2024-05-24 04:47:19 +0000"
    },
    "done": true
  },
  "evilcraft:first_age": {
    "criteria": {
      "criteria_0": "2024-05-24 04:40:07 +0000"
    },
    "done": true
  },
  "alexsmobs:alexsmobs/crocodile": {
    "criteria": {
      "killed_by": "2024-05-24 05:11:36 +0000"
    },
    "done": true
  },
  "tombstone:adventure/choose_knowledge": {
    "criteria": {
      "coded_trigger": "2024-05-24 03:58:20 +0000"
    },
    "done": true
  },
  "minecraft:story/smelt_iron": {
    "criteria": {
      "iron": "2024-05-24 05:19:56 +0000"
    },
    "done": true
  },
  "tombstone:adventure/teleport_to_grave": {
    "criteria": {
      "coded_trigger": "2024-05-24 04:52:07 +0000"
    },
    "done": true
  },
  "mca:recipes/misc/bouquet": {
    "criteria": {
      "has_item": "2024-05-24 03:58:49 +0000"
    },
    "done": true
  },
  "ars_nouveau:novice_spell_book": {
    "criteria": {
      "has_novice_spell_book": "2024-05-24 04:44:56 +0000"
    },
    "done": true
  },
  "incendium:misc/soul_searcher": {
    "criteria": {
      "incendium:quartz_flats": "2024-05-24 03:59:06 +0000"
    },
    "done": false
  },
  "tombstone:adventure/strong_or_careful": {
    "criteria": {
      "coded_trigger": "2024-05-24 03:58:04 +0000"
    },
    "done": true
  },
  "tombstone:adventure/enchant_grave_key": {
    "criteria": {
      "has_upgraded_grave_key": "2024-05-24 04:52:01 +0000"
    },
    "done": true
  },
  "tombstone:adventure/first_knowledge": {
    "criteria": {
      "coded_trigger": "2024-05-24 03:58:04 +0000"
    },
    "done": true
  },
  "minecraft:story/mine_diamond": {
    "criteria": {
      "diamond": "2024-05-24 04:45:04 +0000"
    },
    "done": true
  },
  "tombstone:adventure/ashes_and_bones": {
    "criteria": {
      "coded_trigger": "2024-05-24 04:58:19 +0000"
    },
    "done": true
  },
  "mca:recipes/misc/whistle": {
    "criteria": {
      "has_item": "2024-05-24 05:19:56 +0000"
    },
    "done": true
  },
  "DataVersion": 3465
}